-- MySQL dump 10.13  Distrib 5.5.57, for Linux (x86_64)
--
-- Host: localhost    Database: zx
-- ------------------------------------------------------
-- Server version	5.5.57-log

/*!40101 SET @OLD_CHARACTER_SET_CLIENT=@@CHARACTER_SET_CLIENT */;
/*!40101 SET @OLD_CHARACTER_SET_RESULTS=@@CHARACTER_SET_RESULTS */;
/*!40101 SET @OLD_COLLATION_CONNECTION=@@COLLATION_CONNECTION */;
/*!40101 SET NAMES utf8 */;
/*!40103 SET @OLD_TIME_ZONE=@@TIME_ZONE */;
/*!40103 SET TIME_ZONE='+00:00' */;
/*!40014 SET @OLD_UNIQUE_CHECKS=@@UNIQUE_CHECKS, UNIQUE_CHECKS=0 */;
/*!40014 SET @OLD_FOREIGN_KEY_CHECKS=@@FOREIGN_KEY_CHECKS, FOREIGN_KEY_CHECKS=0 */;
/*!40101 SET @OLD_SQL_MODE=@@SQL_MODE, SQL_MODE='NO_AUTO_VALUE_ON_ZERO' */;
/*!40111 SET @OLD_SQL_NOTES=@@SQL_NOTES, SQL_NOTES=0 */;

--
-- Table structure for table `t_apply`
--

DROP TABLE IF EXISTS `t_apply`;
/*!40101 SET @saved_cs_client     = @@character_set_client */;
/*!40101 SET character_set_client = utf8 */;
CREATE TABLE `t_apply` (
  `id` int(11) NOT NULL AUTO_INCREMENT,
  `name` varchar(50) NOT NULL,
  `phone` varchar(50) NOT NULL,
  `age` int(11) DEFAULT NULL,
  `insure_year` int(11) DEFAULT NULL,
  `education_level` int(11) DEFAULT NULL,
  `customer_id` int(11) NOT NULL,
  `is_member` int(11) DEFAULT NULL,
  `member_id` int(11) DEFAULT NULL,
  `member_name` varchar(50) DEFAULT NULL,
  `root_member_id` int(11) DEFAULT NULL,
  `root_member_name` varchar(50) DEFAULT NULL,
  `state` int(11) NOT NULL,
  `update_time` datetime DEFAULT NULL,
  `create_time` datetime DEFAULT NULL,
  PRIMARY KEY (`id`),
  UNIQUE KEY `phone` (`phone`)
) ENGINE=InnoDB AUTO_INCREMENT=142 DEFAULT CHARSET=utf8;
/*!40101 SET character_set_client = @saved_cs_client */;

--
-- Dumping data for table `t_apply`
--

LOCK TABLES `t_apply` WRITE;
/*!40000 ALTER TABLE `t_apply` DISABLE KEYS */;
INSERT INTO `t_apply` VALUES (11,'沈梨玲','18589015853',32,10,2,15,0,49,'林丹虹',44,'林海培',0,'2018-02-26 22:59:37','2018-02-26 22:59:37'),(12,'林楚芬','15999560939',28,2,2,16,1,49,'林丹虹',44,'林海培',0,'2018-04-10 16:25:09','2018-02-26 23:04:16'),(13,'秦舜旭','13725572410',10,10,5,17,0,49,'林丹虹',44,'林海培',0,'2018-02-26 23:29:11','2018-02-26 23:29:11'),(14,'谭金','18617051412',32,2,5,18,0,49,'林丹虹',44,'林海培',0,'2018-02-27 10:38:40','2018-02-27 10:38:40'),(15,'徐媛媛','13578637841',24,3,3,19,0,48,'罗艳',44,'林海培',1,'2018-03-24 14:03:16','2018-02-27 13:15:08'),(16,'黄少丹','13534089245',32,8,5,20,0,44,'林海培',44,'林海培',0,'2018-03-02 12:57:36','2018-03-02 12:57:36'),(17,'陈妙梅','15815531500',32,5,2,21,0,60,'陈妙梅',44,'林海培',1,'2018-03-07 10:29:59','2018-03-07 10:28:54'),(18,'罗海港','13760323491',31,11,3,22,0,64,'陈文辉',44,'林海培',0,'2018-03-13 21:06:47','2018-03-13 21:06:47'),(19,'杨小姐','18123956968',32,8,3,23,0,44,'林海培',44,'林海培',1,'2018-03-24 14:03:18','2018-03-16 00:39:14'),(20,'杨敏敏','18318031029',25,1,5,24,0,48,'罗艳',44,'林海培',0,'2018-03-21 13:36:59','2018-03-21 13:36:59'),(21,'罗艳','13625246321',25,1,5,25,0,48,'罗艳',44,'林海培',0,'2018-03-21 13:43:30','2018-03-21 13:43:30'),(22,'杨丽丽','15018541089',25,1,5,26,0,48,'罗艳',44,'林海培',1,'2018-03-24 11:51:34','2018-03-21 21:43:25'),(23,'王铎惠','13302314878',29,56,3,27,0,0,NULL,NULL,NULL,0,'2018-03-24 14:37:17','2018-03-24 14:37:17'),(24,'王小颜','13302314978',25,3,2,28,0,79,'王利颜',79,'王利颜',1,'2018-03-24 15:19:57','2018-03-24 15:15:36'),(25,'李微','15919967663',30,4,2,29,0,44,'林海培',44,'林海培',0,'2018-03-24 15:55:00','2018-03-24 15:55:00'),(26,'罗艳','13925246321',30,6,1,30,0,48,'罗艳',44,'林海培',1,'2018-03-27 17:05:59','2018-03-26 14:16:38'),(27,'张海达','13631690959',33,16,4,31,1,77,'曾巧',77,'曾巧',0,'2018-03-26 14:21:05','2018-03-26 14:20:26'),(28,'冯忠笑','13728773206',28,3,1,32,0,44,'林海培',44,'林海培',0,'2018-03-26 20:42:23','2018-03-26 20:42:23'),(29,'何瑶','15989370361',30,7,4,33,0,59,'陈进任',44,'林海培',0,'2018-03-26 21:23:59','2018-03-26 21:23:59'),(30,'牛诚诚','15955580077',29,10,4,34,0,48,'罗艳',44,'林海培',0,'2018-03-27 07:18:18','2018-03-27 07:18:18'),(31,'刘于青','13923495080',27,8,5,35,0,122,'方志军',62,'王铎惠',0,'2018-03-27 23:12:55','2018-03-27 23:12:55'),(32,'森先生','13800138000',25,1,4,36,0,122,'方志军',62,'王铎惠',0,'2018-03-28 13:47:47','2018-03-28 13:47:47'),(33,'古丽','15220212433',32,2,5,37,0,122,'方志军',62,'王铎惠',0,'2018-03-28 14:03:45','2018-03-28 14:03:45'),(34,'谭林发','18194083090',28,5,3,38,0,122,'方志军',62,'王铎惠',0,'2018-03-28 14:07:38','2018-03-28 14:07:38'),(35,'廖广伟','13713688676',22,2,3,39,0,122,'方志军',62,'王铎惠',0,'2018-03-28 18:41:12','2018-03-28 18:41:12'),(36,'杨燕珊','13510487440',28,5,3,40,0,44,'林海培',44,'林海培',0,'2018-03-28 22:42:41','2018-03-28 22:42:41'),(37,'詹佩燕','18565746521',22,1,4,41,0,122,'方志军',62,'王铎惠',0,'2018-03-29 10:00:17','2018-03-29 10:00:17'),(38,'张凯奇','18097990707',25,1,1,42,0,75,'古翠兰',44,'林海培',1,'2018-03-29 13:41:22','2018-03-29 13:41:02'),(39,'曹旭珊','18814221059',28,3,3,43,0,97,'曹旭珊',93,'王铎惠',0,'2018-03-29 16:15:19','2018-03-29 16:15:19'),(40,'曾秋霞','13689562027',25,4,2,44,0,59,'陈进任',44,'林海培',0,'2018-03-30 08:08:25','2018-03-30 08:08:25'),(41,'林婷','13713940704',22,2,2,45,1,122,'方志军',62,'王铎惠',0,'2018-03-30 16:55:31','2018-03-30 11:59:43'),(42,'齐灵童','18241887263',23,1,2,46,0,136,'齐灵童',44,'林海培',0,'2018-03-30 12:00:55','2018-03-30 12:00:55'),(43,'彭碧青','13670143923',25,5,3,47,0,111,'郭丹',44,'林海培',0,'2018-03-30 15:57:26','2018-03-30 15:57:26'),(44,'罗金苹','18680673017',34,5,2,48,0,48,'罗艳',44,'林海培',0,'2018-03-31 07:39:20','2018-03-31 07:39:20'),(45,'黄宝云','15817400599',25,20,2,49,0,145,'钟特贤',44,'林海培',0,'2018-03-31 16:18:50','2018-03-31 16:18:50'),(46,'郑亚燕','13714308481',29,10,5,50,1,149,'郑亚燕',44,'林海培',0,'2018-04-01 12:19:32','2018-04-01 12:19:32'),(47,'蒋先军','13501577655',28,7,4,51,1,155,'蒋先军',44,'林海培',0,'2018-04-03 14:53:59','2018-04-03 14:53:59'),(48,'张艺雄','15220270132',35,7,5,52,1,122,'方志军',62,'王铎惠',0,'2018-04-04 08:12:41','2018-04-04 08:12:41'),(49,'余芳','13715253939',30,8,2,53,0,49,'林丹虹',44,'林海培',1,'2018-04-08 15:18:11','2018-04-08 15:17:50'),(50,'徐开洪','13554795941',32,7,1,54,1,156,'徐开洪',44,'林海培',0,'2018-04-09 18:28:34','2018-04-09 18:28:34'),(51,'况生','15813706181',25,3,1,55,1,44,'林海培',44,'林海培',0,'2018-04-10 17:11:03','2018-04-10 16:58:36'),(52,'钟静文','13632553024',26,2,5,57,1,48,'罗艳',44,'林海培',0,'2018-04-11 12:37:01','2018-04-11 12:37:01'),(53,'温潮敏','13713577088',32,4,5,58,0,172,'钟静文',44,'林海培',0,'2018-04-13 17:33:07','2018-04-13 17:33:07'),(54,'林素萍','13688842046',30,1,5,59,0,172,'钟静文',44,'林海培',0,'2018-04-13 17:39:18','2018-04-13 17:39:18'),(55,'陈妙如','13430740195',32,2,2,60,1,122,'方志军',62,'王铎惠',0,'2018-04-17 22:14:20','2018-04-17 22:14:20'),(56,'王伶波','18719088817',37,1,1,61,0,48,'罗艳',44,'林海培',0,'2018-04-18 18:15:11','2018-04-18 18:15:11'),(57,'杨蕾','13714664830',30,4,1,62,0,48,'罗艳',44,'林海培',1,'2018-04-24 11:10:47','2018-04-22 08:30:07'),(58,'邓巍','13554986715',35,10,3,63,0,48,'罗艳',44,'林海培',0,'2018-04-23 21:06:43','2018-04-23 21:06:43'),(59,'彭益鸿','18283708858',33,1,1,64,0,75,'古翠兰',44,'林海培',1,'2018-04-24 10:42:32','2018-04-24 10:40:27'),(60,'张冬青','13717133928',39,9,5,65,0,144,'黄艳',44,'林海培',0,'2018-04-25 21:40:02','2018-04-25 21:40:02'),(61,'胡双凤','13823135987',27,7,3,66,0,122,'方志军',62,'王铎惠',0,'2018-04-29 21:15:39','2018-04-29 21:15:39'),(62,'陈莹莹','18123949736',32,2,1,67,0,48,'罗艳',44,'林海培',0,'2018-05-02 15:33:24','2018-05-02 15:33:24'),(63,'于冬敏','18664977650',23,3,3,68,0,44,'林海培',44,'林海培',0,'2018-05-07 21:21:42','2018-05-07 21:21:42'),(64,'印杰','13823104956',43,8,5,69,0,44,'林海培',44,'林海培',0,'2018-05-15 14:10:15','2018-05-15 14:10:15'),(65,'梁婷婷','18703703835',28,1,2,70,0,44,'林海培',44,'林海培',0,'2018-05-16 10:08:17','2018-05-16 10:08:17'),(66,'刘曼璐','13652401441',33,5,1,71,1,101,'陈水进',44,'林海培',1,'2018-05-19 13:37:09','2018-05-19 11:44:29'),(67,'唐艳梅','15527487316',26,2,1,72,0,101,'陈水进',44,'林海培',1,'2018-05-23 12:18:54','2018-05-23 11:46:11'),(68,'欧阳静文','13823123182',45,6,3,73,0,162,'唐懋',62,'王铎惠',1,'2018-05-23 14:25:33','2018-05-23 14:22:58'),(69,'杨柳','13714372850',33,10,2,74,0,162,'唐懋',62,'王铎惠',1,'2018-05-23 14:35:25','2018-05-23 14:34:34'),(70,'胡丹平','18923850587',31,4,3,75,0,44,'林海培',44,'林海培',0,'2018-05-25 08:38:29','2018-05-25 08:38:29'),(71,'王小宝','18811842339',25,5,3,76,0,187,'王大包',44,'林海培',0,'2018-05-27 19:29:10','2018-05-27 19:29:10'),(72,'33','15018729832',32,10,4,77,1,191,'刘备',44,'林海培',0,'2018-05-28 09:48:58','2018-05-28 09:48:04'),(73,'33','15018729831',32,15,5,78,1,191,'刘备',44,'林海培',0,'2018-05-28 09:51:09','2018-05-28 09:51:09'),(74,'罗洋','15118121416',37,5,2,79,0,193,'黄俊飞',44,'林海培',1,'2018-05-29 15:09:16','2018-05-29 15:08:58'),(75,'李娟','13682318218',38,3,3,80,1,85,'李娟',44,'林海培',0,'2018-06-03 12:00:41','2018-06-03 12:00:41'),(76,'庄小姐','13682383344',38,3,3,81,0,68,'刘嘉莉',44,'林海培',0,'2018-06-03 18:00:04','2018-06-03 18:00:04'),(77,'方韩华','13590328973',30,4,1,82,1,48,'罗艳',44,'林海培',0,'2018-06-05 09:14:58','2018-06-05 09:14:15'),(78,'徐喜','18826503317',22,3,4,83,0,122,'方志军',62,'王铎惠',0,'2018-06-06 16:20:42','2018-06-06 16:20:42'),(79,'李春燕','15019220228',26,6,4,84,0,122,'方志军',62,'王铎惠',0,'2018-06-06 18:12:34','2018-06-06 18:12:34'),(80,'杨彤','13425111826',25,25,3,85,0,122,'方志军',62,'王铎惠',0,'2018-06-06 19:10:07','2018-06-06 19:10:07'),(81,'李金跃','13923813924',28,4,2,86,1,48,'罗艳',44,'林海培',0,'2018-06-07 13:58:07','2018-06-07 13:58:01'),(82,'徐浩量','13902659323',29,1,1,87,1,122,'方志军',62,'王铎惠',0,'2018-06-10 14:59:46','2018-06-10 14:59:46'),(83,'刘志杰','13590306219',39,10,1,88,1,44,'林海培',44,'林海培',1,'2018-06-14 13:56:22','2018-06-14 13:55:31'),(84,'肖晓强','18565823565',27,5,1,89,0,101,'陈水进',44,'林海培',1,'2018-06-19 17:53:25','2018-06-19 17:53:05'),(85,'杜文亮','18666660443',30,5,2,90,0,183,'林治璇',44,'林海培',1,'2018-06-22 16:29:44','2018-06-22 16:29:28'),(86,'占文娟','13510021722',36,5,4,91,0,183,'林治璇',44,'林海培',1,'2018-06-22 16:35:20','2018-06-22 16:35:08'),(87,'陆子静','15323469532',30,3,1,92,0,156,'徐开洪',44,'林海培',0,'2018-06-23 11:33:31','2018-06-23 11:33:31'),(88,'欧洪春','15919859774',33,5,2,93,1,200,'陈钊坤',44,'林海培',1,'2018-07-23 20:37:14','2018-06-26 13:42:36'),(89,'罗龙','13570807385',30,8,3,94,1,122,'方志军',62,'王铎惠',0,'2018-06-28 15:56:04','2018-06-28 15:56:04'),(90,'姚辉兰','13823699756',29,5,2,95,0,59,'陈进任',44,'林海培',1,'2018-07-02 11:40:44','2018-07-02 11:40:31'),(91,'颜桂林婷','18859731600',26,1,1,96,0,207,'林锦荣',44,'林海培',1,'2018-07-09 17:00:29','2018-07-09 16:59:37'),(92,'wwww','18929373006',33,5,1,97,0,44,'林海培',44,'林海培',0,'2018-07-09 17:17:26','2018-07-09 17:17:26'),(93,'蓝国凤','13631074444',35,5,3,98,0,201,'苏春梅',44,'林海培',1,'2018-07-11 09:38:59','2018-07-11 09:38:33'),(94,'测试','13856234521',25,5,2,99,0,44,'林海培',44,'林海培',1,'2018-07-11 16:42:09','2018-07-11 16:41:19'),(95,'李传龙','18520867761',30,2,1,100,0,48,'罗艳',44,'林海培',1,'2018-07-19 11:55:49','2018-07-14 14:50:52'),(96,'潘欢','15361013937',24,2,2,101,0,122,'方志军',62,'王铎惠',0,'2018-07-15 08:56:42','2018-07-15 08:56:42'),(97,'潘欢','15016231267',24,2,2,102,1,209,'潘欢',62,'王铎惠',0,'2018-07-15 11:20:20','2018-07-15 11:20:20'),(98,'李传龙','18520867661',28,50,1,103,1,44,'林海培',44,'林海培',1,'2018-07-19 11:55:35','2018-07-15 13:28:39'),(99,'陶成','15271682595',23,2,1,104,0,44,'林海培',44,'林海培',0,'2018-07-19 11:19:39','2018-07-19 11:19:39'),(100,'苗萍','13641464009',31,7,3,105,1,59,'陈进任',44,'林海培',1,'2018-07-23 13:51:56','2018-07-23 13:51:23'),(101,'曾晓芬','13160508400',30,5,5,106,0,121,'方志军',62,'王铎惠',1,'2018-07-23 19:16:00','2018-07-23 19:13:02'),(102,'曾晓嘉','13424161837',27,2,5,107,0,121,'方志军',62,'王铎惠',1,'2018-07-23 19:15:58','2018-07-23 19:13:43'),(103,'林佳巡','13530896316',31,3,5,108,0,121,'方志军',62,'王铎惠',1,'2018-07-23 19:15:56','2018-07-23 19:14:27'),(104,'卢烈峰','15818686356',27,4,5,109,0,121,'方志军',62,'王铎惠',1,'2018-07-23 19:15:55','2018-07-23 19:15:44'),(105,'赵文臣','18823669550',29,5,4,110,0,221,'欧洪春',44,'林海培',0,'2018-07-23 21:02:48','2018-07-23 21:02:48'),(106,'梁杰','15814449876',40,10,2,111,1,44,'林海培',44,'林海培',0,'2018-07-24 13:19:50','2018-07-24 13:16:46'),(107,'互推','15648974563',60,5,1,112,1,63,'江嘉宇',44,'林海培',0,'2018-07-24 15:30:22','2018-07-24 15:29:21'),(108,'hi','18503007861',60,46,1,113,1,224,'互推',44,'林海培',0,'2018-07-24 15:31:09','2018-07-24 15:31:09'),(109,'方芳','13717018669',33,6,4,114,1,225,'方芳',44,'林海培',1,'2018-07-25 12:17:12','2018-07-25 12:17:03'),(110,'李小蒙','18689479726',27,2,4,115,0,227,'封捷',62,'王铎惠',0,'2018-07-25 12:28:13','2018-07-25 12:28:13'),(111,'李文强','18298459096',28,1,1,116,1,227,'封捷',62,'王铎惠',0,'2018-07-25 22:53:57','2018-07-25 14:43:26'),(112,'王利成','15607065250',23,1,1,117,0,227,'封捷',62,'王铎惠',0,'2018-07-25 16:16:36','2018-07-25 16:16:36'),(113,'谢龙测试','12345678901',30,5,1,118,0,229,'谢龙',44,'林海培',0,'2018-07-25 17:11:29','2018-07-25 17:11:29'),(114,'廖霞','18475599313',27,3,1,119,0,227,'封捷',62,'王铎惠',0,'2018-07-25 22:35:45','2018-07-25 22:35:45'),(115,'孙小明','18620689027',28,6,1,120,1,114,'王丽琼',44,'林海培',1,'2018-07-26 16:54:23','2018-07-26 15:16:38'),(116,'陈大大','13687451234',34,6,2,121,0,220,'李晓',44,'林海培',0,'2018-07-26 18:00:11','2018-07-26 18:00:11'),(117,'曾赛铭','13713942010',32,8,2,122,0,235,'肖飞',44,'林海培',0,'2018-07-26 18:50:38','2018-07-26 18:50:38'),(118,'杨娟娟','15013518028',30,5,4,123,1,247,'杨娟娟',62,'王铎惠',1,'2018-08-01 09:06:15','2018-07-31 14:21:53'),(119,'1215','13546485246',24,1,3,124,1,249,'黄',44,'林海培',0,'2018-08-01 10:53:16','2018-08-01 10:52:35'),(120,'蔡满新','13534016683',48,17,3,125,1,251,'张瑞',62,'王铎惠',0,'2018-08-01 19:16:10','2018-08-01 19:15:53'),(121,'林测试','11302314977',2,2,4,126,0,44,'林海培',44,'林海培',0,'2018-08-02 09:28:29','2018-08-02 09:28:29'),(122,'苑小雪','13070116777',22,1,4,127,0,44,'林海培',44,'林海培',0,'2018-08-02 21:56:51','2018-08-02 21:56:51'),(123,'曾柳婷','18680348161',28,5,3,128,1,255,'林莉华',44,'林海培',0,'2018-08-05 22:16:02','2018-08-05 19:46:34'),(124,'5555','13266666996',55,33,1,129,1,44,'林海培',44,'林海培',0,'2018-08-07 16:49:44','2018-08-07 16:49:13'),(125,'郭倩君','18589040881',25,1,1,130,1,243,'赵珍',44,'林海培',1,'2018-08-10 09:56:39','2018-08-09 10:47:17'),(126,'测试','13631787532',25,6,2,131,1,44,'林海培',44,'林海培',0,'2018-08-10 10:22:15','2018-08-10 10:22:15'),(127,'王泽鑫','13823233983',32,5,5,132,0,44,'林海培',44,'林海培',0,'2018-08-10 15:00:51','2018-08-10 15:00:51'),(128,'测试5','18011111111',33,2,1,134,0,44,'林海培',44,'林海培',0,'2018-08-10 16:42:01','2018-08-10 16:42:01'),(129,'杨婷','13590178412',28,3,1,135,1,44,'林海培',44,'林海培',0,'2018-08-10 18:07:06','2018-08-10 18:06:57'),(130,'测试','13631787533',1,1,1,136,1,44,'林海培',44,'林海培',1,'2018-08-11 21:03:34','2018-08-11 18:53:22'),(131,'杨丽艳','13686093645',3,1,3,137,0,266,'彭益鸿',44,'林海培',0,'2018-08-12 15:55:41','2018-08-12 15:55:41'),(132,'杨瑞胜','13590598871',3,2,5,138,1,267,'杨瑞胜',44,'林海培',0,'2018-08-13 11:10:36','2018-08-13 11:10:36'),(133,'姜庆喆','18669879258',2,3,2,139,0,267,'杨瑞胜',44,'林海培',0,'2018-08-13 11:18:31','2018-08-13 11:18:31'),(134,'雷丽红','13682579571',2,4,1,140,0,267,'杨瑞胜',44,'林海培',0,'2018-08-13 11:19:41','2018-08-13 11:19:41'),(135,'傅思华','13923787463',2,3,3,141,0,267,'杨瑞胜',44,'林海培',0,'2018-08-13 11:19:46','2018-08-13 11:19:46'),(136,'张亮','16918723917',3,1,5,142,0,267,'杨瑞胜',44,'林海培',0,'2018-08-13 11:25:42','2018-08-13 11:25:42'),(137,'邓荧荧','13684958561',1,2,3,143,0,267,'杨瑞胜',44,'林海培',0,'2018-08-13 11:29:21','2018-08-13 11:29:21'),(138,'李坚汶','13828821718',3,4,2,144,0,267,'杨瑞胜',44,'林海培',0,'2018-08-13 11:34:03','2018-08-13 11:34:03'),(139,'黄晓新','13902760211',4,4,5,145,0,267,'杨瑞胜',44,'林海培',0,'2018-08-13 11:39:11','2018-08-13 11:39:11'),(140,'李钟硕','13825746618',2,2,5,146,0,267,'杨瑞胜',44,'林海培',0,'2018-08-13 12:58:03','2018-08-13 12:58:03'),(141,'许佳希','15014111542',2,4,2,147,0,267,'杨瑞胜',44,'林海培',0,'2018-08-13 13:57:10','2018-08-13 13:57:10');
/*!40000 ALTER TABLE `t_apply` ENABLE KEYS */;
UNLOCK TABLES;

--
-- Table structure for table `t_apply2`
--

DROP TABLE IF EXISTS `t_apply2`;
/*!40101 SET @saved_cs_client     = @@character_set_client */;
/*!40101 SET character_set_client = utf8 */;
CREATE TABLE `t_apply2` (
  `id` int(11) NOT NULL AUTO_INCREMENT,
  `name` varchar(50) NOT NULL,
  `phone` varchar(50) NOT NULL,
  `age` int(11) DEFAULT NULL,
  `education_level` int(11) DEFAULT NULL,
  `customer_id` int(11) NOT NULL,
  `is_member` int(11) DEFAULT NULL,
  `member_id` int(11) DEFAULT NULL,
  `member_name` varchar(50) DEFAULT NULL,
  `root_member_id` int(11) DEFAULT NULL,
  `root_member_name` varchar(50) DEFAULT NULL,
  `state` int(11) NOT NULL,
  `update_time` datetime DEFAULT NULL,
  `create_time` datetime DEFAULT NULL,
  `enter_education_level` int(11) DEFAULT NULL,
  PRIMARY KEY (`id`),
  UNIQUE KEY `phone` (`phone`)
) ENGINE=InnoDB AUTO_INCREMENT=4 DEFAULT CHARSET=utf8;
/*!40101 SET character_set_client = @saved_cs_client */;

--
-- Dumping data for table `t_apply2`
--

LOCK TABLES `t_apply2` WRITE;
/*!40000 ALTER TABLE `t_apply2` DISABLE KEYS */;
INSERT INTO `t_apply2` VALUES (3,'林海测试','13222222222',3,1,7,0,44,'林海培',44,'林海培',0,'2018-08-12 10:19:28','2018-08-12 10:19:28',3);
/*!40000 ALTER TABLE `t_apply2` ENABLE KEYS */;
UNLOCK TABLES;

--
-- Table structure for table `t_commission`
--

DROP TABLE IF EXISTS `t_commission`;
/*!40101 SET @saved_cs_client     = @@character_set_client */;
/*!40101 SET character_set_client = utf8 */;
CREATE TABLE `t_commission` (
  `id` int(11) NOT NULL AUTO_INCREMENT,
  `order_id` int(11) DEFAULT NULL,
  `customer_id` int(11) DEFAULT NULL,
  `customer_name` varchar(50) DEFAULT NULL,
  `member_id` int(11) DEFAULT NULL,
  `member_name` varchar(50) DEFAULT NULL,
  `amount` int(11) DEFAULT NULL,
  `bank_name` varchar(50) DEFAULT NULL,
  `bank_account_name` varchar(50) DEFAULT NULL,
  `bank_account_no` varchar(50) DEFAULT NULL,
  `alipay_no` varchar(50) DEFAULT '',
  `state` int(11) NOT NULL,
  `update_time` datetime DEFAULT NULL,
  `create_time` datetime DEFAULT NULL,
  PRIMARY KEY (`id`)
) ENGINE=InnoDB AUTO_INCREMENT=71 DEFAULT CHARSET=utf8;
/*!40101 SET character_set_client = @saved_cs_client */;

--
-- Dumping data for table `t_commission`
--

LOCK TABLES `t_commission` WRITE;
/*!40000 ALTER TABLE `t_commission` DISABLE KEYS */;
INSERT INTO `t_commission` VALUES (7,6,21,'陈妙梅',60,'陈妙梅',220,'','','','179041123@qq.com',0,'2018-03-07 10:29:59','2018-03-07 10:29:59'),(8,7,26,'杨丽丽',48,'罗艳',200,'','','','13925246321',0,'2018-03-24 11:51:34','2018-03-24 11:51:34'),(9,7,26,'杨丽丽',44,'林海培',200,'','','','13823151990',1,'2018-03-24 11:51:44','2018-03-24 11:51:34'),(10,8,19,'徐媛媛',48,'罗艳',400,'','','','13925246321',0,'2018-03-24 14:03:16','2018-03-24 14:03:16'),(11,8,19,'徐媛媛',44,'林海培',200,'','','','13823151990',0,'2018-03-24 14:03:16','2018-03-24 14:03:16'),(12,9,23,'杨小姐',44,'林海培',600,'','','','13823151990',0,'2018-03-24 14:03:18','2018-03-24 14:03:18'),(13,10,28,'王小颜',79,'王利颜',200,'','','','18218816881',0,'2018-03-24 15:19:57','2018-03-24 15:19:57'),(14,11,30,'罗艳',48,'罗艳',600,'','','','13925246321',1,'2018-03-27 17:06:10','2018-03-27 17:05:59'),(15,11,30,'罗艳',44,'林海培',200,'','','','13823151990',0,'2018-03-27 17:05:59','2018-03-27 17:05:59'),(16,12,42,'张凯奇',75,'古翠兰',200,'','','','13530794616',1,'2018-03-29 13:42:26','2018-03-29 13:41:22'),(17,12,42,'张凯奇',44,'林海培',600,'','','','13823151990',1,'2018-03-29 13:42:00','2018-03-29 13:41:22'),(18,13,53,'余芳',49,'林丹虹',200,'','','','13715391359',1,'2018-06-19 18:05:11','2018-04-08 15:18:11'),(19,13,53,'余芳',44,'林海培',600,'','','','13823151990',1,'2018-04-08 15:18:19','2018-04-08 15:18:11'),(20,14,64,'彭益鸿',75,'古翠兰',400,'','','','13530794616',1,'2018-04-24 10:43:03','2018-04-24 10:42:32'),(21,14,64,'彭益鸿',44,'林海培',400,'','','','13823151990',1,'2018-06-19 18:05:05','2018-04-24 10:42:32'),(22,15,62,'杨蕾',48,'罗艳',600,'','','','13925246321',1,'2018-04-24 11:11:17','2018-04-24 11:10:47'),(23,15,62,'杨蕾',44,'林海培',400,'','','','13823151990',1,'2018-06-19 18:03:58','2018-04-24 11:10:47'),(24,16,71,'刘曼璐',101,'陈水进',400,'','','','1036910627@qq.com',1,'2018-05-19 13:38:54','2018-05-19 13:37:09'),(25,16,71,'刘曼璐',44,'林海培',600,'','','','13823151990',1,'2018-05-19 13:38:32','2018-05-19 13:37:09'),(26,17,72,'唐艳梅',101,'陈水进',600,'','','','1036910627@qq.com',1,'2018-05-23 12:19:22','2018-05-23 12:18:54'),(27,17,72,'唐艳梅',44,'林海培',400,'','','','13823151990',1,'2018-05-23 12:19:20','2018-05-23 12:18:54'),(28,18,73,'欧阳静文',162,'唐懋',200,'','','','13715257643',1,'2018-05-23 14:26:26','2018-05-23 14:25:33'),(29,19,74,'杨柳',162,'唐懋',400,'','','','13715257643',1,'2018-05-23 14:35:41','2018-05-23 14:35:25'),(30,20,79,'罗洋',193,'黄俊飞',200,'','','','13798340660',1,'2018-05-29 15:09:23','2018-05-29 15:09:16'),(31,20,79,'罗洋',44,'林海培',800,'','','','13823151990',1,'2018-05-29 15:09:27','2018-05-29 15:09:16'),(32,21,88,'刘志杰',44,'林海培',1000,'','','','13823151990',0,'2018-06-14 13:56:22','2018-06-14 13:56:22'),(33,22,89,'肖晓强',101,'陈水进',600,'','','','1036910627@qq.com',1,'2018-06-19 18:03:45','2018-06-19 17:53:25'),(34,22,89,'肖晓强',44,'林海培',400,'','','','13823151990',1,'2018-06-19 18:03:43','2018-06-19 17:53:25'),(35,23,90,'杜文亮',183,'林治璇',200,'','','','13530797603',0,'2018-06-22 16:29:44','2018-06-22 16:29:44'),(36,23,90,'杜文亮',44,'林海培',800,'','','','13823151990',0,'2018-06-22 16:29:44','2018-06-22 16:29:44'),(37,24,91,'占文娟',183,'林治璇',400,'','','','13530797603',1,'2018-06-30 09:40:19','2018-06-22 16:35:20'),(38,24,91,'占文娟',44,'林海培',800,'','','','13823151990',1,'2018-06-30 09:40:17','2018-06-22 16:35:20'),(39,25,93,'欧洪春',200,'陈钊坤',200,'','','','13923806770',1,'2018-06-26 13:44:47','2018-06-26 13:42:58'),(40,25,93,'欧洪春',44,'林海培',1000,'','','','13823151990',1,'2018-06-26 13:44:46','2018-06-26 13:42:58'),(41,26,95,'姚辉兰',59,'陈进任',200,'','','','13544088856',1,'2018-07-02 11:41:03','2018-07-02 11:40:44'),(42,26,95,'姚辉兰',44,'林海培',1000,'','','','13823151990',1,'2018-07-02 11:41:00','2018-07-02 11:40:44'),(43,27,96,'颜桂林婷',207,'林锦荣',200,'','','','13922887402',1,'2018-07-09 17:00:43','2018-07-09 17:00:29'),(44,27,96,'颜桂林婷',44,'林海培',1000,'','','','13823151990',1,'2018-07-09 17:00:41','2018-07-09 17:00:29'),(45,28,98,'蓝国凤',201,'苏春梅',200,'','','','13923718214',1,'2018-07-11 09:40:23','2018-07-11 09:38:59'),(46,28,98,'蓝国凤',200,'陈钊坤',200,'','','','13923806770',1,'2018-07-11 09:40:25','2018-07-11 09:38:59'),(47,28,98,'蓝国凤',44,'林海培',800,'','','','13823151990',1,'2018-07-11 09:40:26','2018-07-11 09:38:59'),(48,29,99,'测试',44,'林海培',1300,'','','','13823151990',0,'2018-07-11 16:42:09','2018-07-11 16:42:09'),(49,30,103,'李传龙',44,'林海培',1300,'','','','13823151990',1,'2018-07-19 11:56:35','2018-07-19 11:55:35'),(50,31,100,'李传龙',48,'罗艳',800,'','','','13925246321',1,'2018-07-19 11:56:28','2018-07-19 11:55:49'),(51,31,100,'李传龙',44,'林海培',500,'','','','13823151990',1,'2018-07-19 11:56:33','2018-07-19 11:55:49'),(52,32,105,'苗萍',59,'陈进任',1000,'','','','13544088856',1,'2018-07-23 13:52:27','2018-07-23 13:51:56'),(53,32,105,'苗萍',44,'林海培',300,'','','','13823151990',1,'2018-07-23 13:52:29','2018-07-23 13:51:56'),(54,33,109,'卢烈峰',121,'方志军',800,'','','','13537739050',0,'2018-07-23 19:15:55','2018-07-23 19:15:55'),(55,33,109,'卢烈峰',62,'王铎惠',400,'招商银行','王铎惠','6214836552347011','13823267778',0,'2018-07-23 19:15:55','2018-07-23 19:15:55'),(56,34,108,'林佳巡',121,'方志军',800,'','','','13537739050',0,'2018-07-23 19:15:56','2018-07-23 19:15:56'),(57,34,108,'林佳巡',62,'王铎惠',200,'招商银行','王铎惠','6214836552347011','13823267778',0,'2018-07-23 19:15:56','2018-07-23 19:15:56'),(58,35,107,'曾晓嘉',121,'方志军',800,'','','','13537739050',0,'2018-07-23 19:15:58','2018-07-23 19:15:58'),(59,35,107,'曾晓嘉',62,'王铎惠',200,'招商银行','王铎惠','6214836552347011','13823267778',0,'2018-07-23 19:15:58','2018-07-23 19:15:58'),(60,36,106,'曾晓芬',121,'方志军',800,'','','','13537739050',1,'2018-07-28 12:37:56','2018-07-23 19:16:00'),(61,36,106,'曾晓芬',62,'王铎惠',200,'招商银行','王铎惠','6214836552347011','13823267778',1,'2018-07-28 12:37:36','2018-07-23 19:16:00'),(62,37,114,'方芳',225,'方芳',200,'','','','13717018669',0,'2018-07-25 12:17:12','2018-07-25 12:17:12'),(63,37,114,'方芳',44,'林海培',1100,'','','','13823151990',0,'2018-07-25 12:17:12','2018-07-25 12:17:12'),(64,38,120,'孙小明',114,'王丽琼',200,'','','','wang1786349!',1,'2018-07-26 16:54:33','2018-07-26 16:54:23'),(65,38,120,'孙小明',44,'林海培',1100,'','','','13823151990',1,'2018-07-26 16:54:31','2018-07-26 16:54:23'),(66,39,123,'杨娟娟',247,'杨娟娟',200,'深圳分行星河世纪支行','杨娟娟','6214836559350893','15013518028',0,'2018-08-01 09:06:15','2018-08-01 09:06:15'),(67,39,123,'杨娟娟',62,'王铎惠',600,'招商银行','王铎惠','6214836552347011','13823267778',0,'2018-08-01 09:06:15','2018-08-01 09:06:15'),(68,40,130,'郭倩君',243,'赵珍',200,'','','','18810907221',1,'2018-08-10 09:57:12','2018-08-10 09:56:39'),(69,40,130,'郭倩君',44,'林海培',1100,'','','','13823151990',1,'2018-08-10 09:57:09','2018-08-10 09:56:39'),(70,41,136,'测试',44,'林海培',1300,'','','','13823151990',1,'2018-08-11 21:03:48','2018-08-11 21:03:34');
/*!40000 ALTER TABLE `t_commission` ENABLE KEYS */;
UNLOCK TABLES;

--
-- Table structure for table `t_commission_rule`
--

DROP TABLE IF EXISTS `t_commission_rule`;
/*!40101 SET @saved_cs_client     = @@character_set_client */;
/*!40101 SET character_set_client = utf8 */;
CREATE TABLE `t_commission_rule` (
  `level` int(11) DEFAULT NULL,
  `amount` int(11) DEFAULT NULL
) ENGINE=InnoDB DEFAULT CHARSET=utf8;
/*!40101 SET character_set_client = @saved_cs_client */;

--
-- Dumping data for table `t_commission_rule`
--

LOCK TABLES `t_commission_rule` WRITE;
/*!40000 ALTER TABLE `t_commission_rule` DISABLE KEYS */;
INSERT INTO `t_commission_rule` VALUES (1,200),(2,400),(3,600),(4,800),(5,1000),(6,1200),(7,1300);
/*!40000 ALTER TABLE `t_commission_rule` ENABLE KEYS */;
UNLOCK TABLES;

--
-- Table structure for table `t_customer`
--

DROP TABLE IF EXISTS `t_customer`;
/*!40101 SET @saved_cs_client     = @@character_set_client */;
/*!40101 SET character_set_client = utf8 */;
CREATE TABLE `t_customer` (
  `id` int(11) NOT NULL AUTO_INCREMENT,
  `name` varchar(50) NOT NULL,
  `phone` varchar(50) NOT NULL,
  `age` int(11) DEFAULT NULL,
  `insure_year` int(11) DEFAULT NULL,
  `education_level` int(11) DEFAULT NULL,
  `member_id` int(11) DEFAULT NULL,
  `is_member` int(11) DEFAULT NULL,
  `update_time` datetime DEFAULT NULL,
  `create_time` datetime DEFAULT NULL,
  PRIMARY KEY (`id`),
  UNIQUE KEY `phone` (`phone`)
) ENGINE=InnoDB AUTO_INCREMENT=148 DEFAULT CHARSET=utf8;
/*!40101 SET character_set_client = @saved_cs_client */;

--
-- Dumping data for table `t_customer`
--

LOCK TABLES `t_customer` WRITE;
/*!40000 ALTER TABLE `t_customer` DISABLE KEYS */;
INSERT INTO `t_customer` VALUES (15,'沈梨玲','18589015853',32,10,2,49,0,'2018-02-26 22:59:37','2018-02-26 22:59:37'),(16,'林楚芬','15999560939',28,2,2,165,1,'2018-02-26 23:04:16','2018-02-26 23:04:16'),(17,'秦舜旭','13725572410',10,10,5,49,0,'2018-02-26 23:29:11','2018-02-26 23:29:11'),(18,'谭金','18617051412',32,2,5,49,0,'2018-02-27 10:38:40','2018-02-27 10:38:40'),(19,'徐媛媛','13578637841',24,3,3,48,0,'2018-02-27 13:15:08','2018-02-27 13:15:08'),(20,'黄少丹','13534089245',32,8,5,44,0,'2018-03-02 12:57:36','2018-03-02 12:57:36'),(21,'陈妙梅','15815531500',32,5,2,60,0,'2018-03-07 10:28:54','2018-03-07 10:28:54'),(22,'罗海港','13760323491',31,11,3,64,0,'2018-03-13 21:06:47','2018-03-13 21:06:47'),(23,'杨小姐','18123956968',32,8,3,44,0,'2018-03-16 00:39:14','2018-03-16 00:39:14'),(24,'杨敏敏','18318031029',25,1,5,48,0,'2018-03-21 13:36:59','2018-03-21 13:36:59'),(25,'罗艳','13625246321',25,1,5,48,0,'2018-03-21 13:43:30','2018-03-21 13:43:30'),(26,'杨丽丽','15018541089',25,1,5,48,0,'2018-03-21 21:43:25','2018-03-21 21:43:25'),(27,'王铎惠','13302314878',29,56,3,0,0,'2018-03-24 14:37:17','2018-03-24 14:37:17'),(28,'王小颜','13302314978',25,3,2,79,0,'2018-03-24 15:15:36','2018-03-24 15:15:36'),(29,'李微','15919967663',30,4,2,44,0,'2018-03-24 15:55:00','2018-03-24 15:55:00'),(30,'罗艳','13925246321',30,6,1,48,0,'2018-03-26 14:16:38','2018-03-26 14:16:38'),(31,'张海达','13631690959',33,16,4,77,1,'2018-03-26 14:20:26','2018-03-26 14:20:26'),(32,'冯忠笑','13728773206',28,3,1,44,0,'2018-03-26 20:42:23','2018-03-26 20:42:23'),(33,'何瑶','15989370361',30,7,4,59,0,'2018-03-26 21:23:59','2018-03-26 21:23:59'),(34,'牛诚诚','15955580077',29,10,4,48,0,'2018-03-27 07:18:18','2018-03-27 07:18:18'),(35,'刘于青','13923495080',27,8,5,122,0,'2018-03-27 23:12:55','2018-03-27 23:12:55'),(36,'森先生','13800138000',25,1,4,122,0,'2018-03-28 13:47:47','2018-03-28 13:47:47'),(37,'古丽','15220212433',32,2,5,122,0,'2018-03-28 14:03:45','2018-03-28 14:03:45'),(38,'谭林发','18194083090',28,5,3,122,0,'2018-03-28 14:07:38','2018-03-28 14:07:38'),(39,'廖广伟','13713688676',22,2,3,122,0,'2018-03-28 18:41:12','2018-03-28 18:41:12'),(40,'杨燕珊','13510487440',28,5,3,44,0,'2018-03-28 22:42:41','2018-03-28 22:42:41'),(41,'詹佩燕','18565746521',22,1,4,122,0,'2018-03-29 10:00:17','2018-03-29 10:00:17'),(42,'张凯奇','18097990707',25,1,1,75,0,'2018-03-29 13:41:02','2018-03-29 13:41:02'),(43,'曹旭珊','18814221059',28,3,3,97,0,'2018-03-29 16:15:19','2018-03-29 16:15:19'),(44,'曾秋霞','13689562027',25,4,2,59,0,'2018-03-30 08:08:25','2018-03-30 08:08:25'),(45,'林婷','13713940704',22,2,2,143,1,'2018-03-30 11:59:43','2018-03-30 11:59:43'),(46,'齐灵童','18241887263',23,1,2,136,0,'2018-03-30 12:00:55','2018-03-30 12:00:55'),(47,'彭碧青','13670143923',25,5,3,111,0,'2018-03-30 15:57:26','2018-03-30 15:57:26'),(48,'罗金苹','18680673017',34,5,2,48,0,'2018-03-31 07:39:20','2018-03-31 07:39:20'),(49,'黄宝云','15817400599',25,20,2,145,0,'2018-03-31 16:18:50','2018-03-31 16:18:50'),(50,'郑亚燕','13714308481',29,10,5,149,1,'2018-04-01 12:19:32','2018-04-01 12:19:32'),(51,'蒋先军','13501577655',28,7,4,155,1,'2018-04-03 14:53:59','2018-04-03 14:53:59'),(52,'张艺雄','15220270132',35,7,5,122,1,'2018-04-04 08:12:41','2018-04-04 08:12:41'),(53,'余芳','13715253939',30,8,2,49,0,'2018-04-08 15:17:50','2018-04-08 15:17:50'),(54,'徐开洪','13554795941',32,7,1,156,1,'2018-04-09 18:28:34','2018-04-09 18:28:34'),(55,'况生','15813706181',25,3,1,166,1,'2018-04-10 16:58:36','2018-04-10 16:58:36'),(57,'钟静文','13632553024',26,2,5,48,1,'2018-04-11 12:37:01','2018-04-11 12:37:01'),(58,'温潮敏','13713577088',32,4,5,172,0,'2018-04-13 17:33:07','2018-04-13 17:33:07'),(59,'林素萍','13688842046',30,1,5,172,0,'2018-04-13 17:39:18','2018-04-13 17:39:18'),(60,'陈妙如','13430740195',32,2,2,122,1,'2018-04-17 22:14:20','2018-04-17 22:14:20'),(61,'王伶波','18719088817',37,1,1,48,0,'2018-04-18 18:15:11','2018-04-18 18:15:11'),(62,'杨蕾','13714664830',30,4,1,48,0,'2018-04-22 08:30:07','2018-04-22 08:30:07'),(63,'邓巍','13554986715',35,10,3,48,0,'2018-04-23 21:06:43','2018-04-23 21:06:43'),(64,'彭益鸿','18283708858',33,1,1,75,0,'2018-04-24 10:40:27','2018-04-24 10:40:27'),(65,'张冬青','13717133928',39,9,5,144,0,'2018-04-25 21:40:02','2018-04-25 21:40:02'),(66,'胡双凤','13823135987',27,7,3,122,0,'2018-04-29 21:15:39','2018-04-29 21:15:39'),(67,'陈莹莹','18123949736',32,2,1,48,0,'2018-05-02 15:33:24','2018-05-02 15:33:24'),(68,'于冬敏','18664977650',23,3,3,44,0,'2018-05-07 21:21:42','2018-05-07 21:21:42'),(69,'印杰','13823104956',43,8,5,44,0,'2018-05-15 14:10:15','2018-05-15 14:10:15'),(70,'梁婷婷','18703703835',28,1,2,44,0,'2018-05-16 10:08:17','2018-05-16 10:08:17'),(71,'刘曼璐','13652401441',33,5,1,101,1,'2018-05-19 11:44:29','2018-05-19 11:44:29'),(72,'唐艳梅','15527487316',26,2,1,101,0,'2018-05-23 11:46:11','2018-05-23 11:46:11'),(73,'欧阳静文','13823123182',45,6,3,162,0,'2018-05-23 14:22:58','2018-05-23 14:22:58'),(74,'杨柳','13714372850',33,10,2,162,0,'2018-05-23 14:34:34','2018-05-23 14:34:34'),(75,'胡丹平','18923850587',31,4,3,44,0,'2018-05-25 08:38:29','2018-05-25 08:38:29'),(76,'王小宝','18811842339',25,5,3,187,0,'2018-05-27 19:29:10','2018-05-27 19:29:10'),(77,'33','15018729832',32,10,4,192,1,'2018-05-28 09:48:04','2018-05-28 09:48:04'),(78,'33','15018729831',32,15,5,191,1,'2018-05-28 09:51:09','2018-05-28 09:51:09'),(79,'罗洋','15118121416',37,5,2,193,0,'2018-05-29 15:08:58','2018-05-29 15:08:58'),(80,'李娟','13682318218',38,3,3,85,1,'2018-06-03 12:00:41','2018-06-03 12:00:41'),(81,'庄小姐','13682383344',38,3,3,68,0,'2018-06-03 18:00:04','2018-06-03 18:00:04'),(82,'方韩华','13590328973',30,4,1,196,1,'2018-06-05 09:14:15','2018-06-05 09:14:15'),(83,'徐喜','18826503317',22,3,4,122,0,'2018-06-06 16:20:42','2018-06-06 16:20:42'),(84,'李春燕','15019220228',26,6,4,122,0,'2018-06-06 18:12:34','2018-06-06 18:12:34'),(85,'杨彤','13425111826',25,25,3,122,0,'2018-06-06 19:10:07','2018-06-06 19:10:07'),(86,'李金跃','13923813924',28,4,2,197,1,'2018-06-07 13:58:01','2018-06-07 13:58:01'),(87,'徐浩量','13902659323',29,1,1,122,1,'2018-06-10 14:59:46','2018-06-10 14:59:46'),(88,'刘志杰','13590306219',39,10,1,44,1,'2018-06-14 13:55:31','2018-06-14 13:55:31'),(89,'肖晓强','18565823565',27,5,1,101,0,'2018-06-19 17:53:05','2018-06-19 17:53:05'),(90,'杜文亮','18666660443',30,5,2,183,0,'2018-06-22 16:29:28','2018-06-22 16:29:28'),(91,'占文娟','13510021722',36,5,4,183,0,'2018-06-22 16:35:08','2018-06-22 16:35:08'),(92,'陆子静','15323469532',30,3,1,156,0,'2018-06-23 11:33:31','2018-06-23 11:33:31'),(93,'欧洪春','15919859774',33,5,2,221,1,'2018-06-26 13:42:36','2018-06-26 13:42:36'),(94,'罗龙','13570807385',30,8,3,122,1,'2018-06-28 15:56:04','2018-06-28 15:56:04'),(95,'姚辉兰','13823699756',29,5,2,59,0,'2018-07-02 11:40:31','2018-07-02 11:40:31'),(96,'颜桂林婷','18859731600',26,1,1,207,0,'2018-07-09 16:59:37','2018-07-09 16:59:37'),(97,'wwww','18929373006',33,5,1,44,0,'2018-07-09 17:17:26','2018-07-09 17:17:26'),(98,'蓝国凤','13631074444',35,5,3,201,0,'2018-07-11 09:38:33','2018-07-11 09:38:33'),(99,'测试','13856234521',25,5,2,44,0,'2018-07-11 16:41:19','2018-07-11 16:41:19'),(100,'李传龙','18520867761',30,2,1,48,0,'2018-07-14 14:50:52','2018-07-14 14:50:52'),(101,'潘欢','15361013937',24,2,2,122,0,'2018-07-15 08:56:42','2018-07-15 08:56:42'),(102,'潘欢','15016231267',24,2,2,209,1,'2018-07-15 11:20:20','2018-07-15 11:20:20'),(103,'李传龙','18520867661',28,50,1,210,1,'2018-07-15 13:28:39','2018-07-15 13:28:39'),(104,'陶成','15271682595',23,2,1,44,0,'2018-07-19 11:19:39','2018-07-19 11:19:39'),(105,'苗萍','13641464009',31,7,3,59,1,'2018-07-23 13:51:23','2018-07-23 13:51:23'),(106,'曾晓芬','13160508400',30,5,5,121,0,'2018-07-23 19:13:02','2018-07-23 19:13:02'),(107,'曾晓嘉','13424161837',27,2,5,121,0,'2018-07-23 19:13:43','2018-07-23 19:13:43'),(108,'林佳巡','13530896316',31,3,5,121,0,'2018-07-23 19:14:27','2018-07-23 19:14:27'),(109,'卢烈峰','15818686356',27,4,5,121,0,'2018-07-23 19:15:44','2018-07-23 19:15:44'),(110,'赵文臣','18823669550',29,5,4,221,0,'2018-07-23 21:02:48','2018-07-23 21:02:48'),(111,'梁杰','15814449876',40,10,2,222,1,'2018-07-24 13:16:46','2018-07-24 13:16:46'),(112,'互推','15648974563',60,5,1,224,1,'2018-07-24 15:29:21','2018-07-24 15:29:21'),(113,'hi','18503007861',60,46,1,224,1,'2018-07-24 15:31:09','2018-07-24 15:31:09'),(114,'方芳','13717018669',33,6,4,225,1,'2018-07-25 12:17:03','2018-07-25 12:17:03'),(115,'李小蒙','18689479726',27,2,4,227,0,'2018-07-25 12:28:13','2018-07-25 12:28:13'),(116,'李文强','18298459096',28,1,1,237,1,'2018-07-25 14:43:26','2018-07-25 14:43:26'),(117,'王利成','15607065250',23,1,1,227,0,'2018-07-25 16:16:36','2018-07-25 16:16:36'),(118,'谢龙测试','12345678901',30,5,1,229,0,'2018-07-25 17:11:29','2018-07-25 17:11:29'),(119,'廖霞','18475599313',27,3,1,227,0,'2018-07-25 22:35:45','2018-07-25 22:35:45'),(120,'孙小明','18620689027',28,6,1,239,1,'2018-07-26 15:16:38','2018-07-26 15:16:38'),(121,'陈大大','13687451234',34,6,2,220,0,'2018-07-26 18:00:11','2018-07-26 18:00:11'),(122,'曾赛铭','13713942010',32,8,2,235,0,'2018-07-26 18:50:38','2018-07-26 18:50:38'),(123,'杨娟娟','15013518028',30,5,4,247,1,'2018-07-31 14:21:53','2018-07-31 14:21:53'),(124,'1215','13546485246',24,1,3,250,1,'2018-08-01 10:52:35','2018-08-01 10:52:35'),(125,'蔡满新','13534016683',48,17,3,253,1,'2018-08-01 19:15:53','2018-08-01 19:15:53'),(126,'林测试','11302314977',2,2,4,44,0,'2018-08-02 09:28:29','2018-08-02 09:28:29'),(127,'苑小雪','13070116777',22,1,4,44,0,'2018-08-02 21:56:51','2018-08-02 21:56:51'),(128,'曾柳婷','18680348161',28,5,3,256,1,'2018-08-05 19:46:34','2018-08-05 19:46:34'),(129,'5555','13266666996',55,33,1,258,1,'2018-08-07 16:49:13','2018-08-07 16:49:13'),(130,'郭倩君','18589040881',25,1,1,260,1,'2018-08-09 10:47:17','2018-08-09 10:47:17'),(131,'测试','13631787532',25,6,2,44,1,'2018-08-10 10:22:15','2018-08-10 10:22:15'),(132,'王泽鑫','13823233983',32,5,5,44,0,'2018-08-10 15:00:51','2018-08-10 15:00:51'),(133,'测试5','13011111111',22,2,1,2,0,'2018-08-10 16:41:19','2018-08-10 16:41:19'),(134,'测试5','18011111111',33,2,1,44,0,'2018-08-10 16:42:01','2018-08-10 16:42:01'),(135,'杨婷','13590178412',28,3,1,261,1,'2018-08-10 18:06:57','2018-08-10 18:06:57'),(136,'测试','13631787533',1,1,1,262,1,'2018-08-11 18:53:22','2018-08-11 18:53:22'),(137,'杨丽艳','13686093645',3,1,3,266,0,'2018-08-12 15:55:41','2018-08-12 15:55:41'),(138,'杨瑞胜','13590598871',3,2,5,267,1,'2018-08-13 11:10:36','2018-08-13 11:10:36'),(139,'姜庆喆','18669879258',2,3,2,267,0,'2018-08-13 11:18:31','2018-08-13 11:18:31'),(140,'雷丽红','13682579571',2,4,1,267,0,'2018-08-13 11:19:41','2018-08-13 11:19:41'),(141,'傅思华','13923787463',2,3,3,267,0,'2018-08-13 11:19:46','2018-08-13 11:19:46'),(142,'张亮','16918723917',3,1,5,267,0,'2018-08-13 11:25:42','2018-08-13 11:25:42'),(143,'邓荧荧','13684958561',1,2,3,267,0,'2018-08-13 11:29:21','2018-08-13 11:29:21'),(144,'李坚汶','13828821718',3,4,2,267,0,'2018-08-13 11:34:03','2018-08-13 11:34:03'),(145,'黄晓新','13902760211',4,4,5,267,0,'2018-08-13 11:39:11','2018-08-13 11:39:11'),(146,'李钟硕','13825746618',2,2,5,267,0,'2018-08-13 12:58:03','2018-08-13 12:58:03'),(147,'许佳希','15014111542',2,4,2,267,0,'2018-08-13 13:57:10','2018-08-13 13:57:10');
/*!40000 ALTER TABLE `t_customer` ENABLE KEYS */;
UNLOCK TABLES;

--
-- Table structure for table `t_edu_customer`
--

DROP TABLE IF EXISTS `t_edu_customer`;
/*!40101 SET @saved_cs_client     = @@character_set_client */;
/*!40101 SET character_set_client = utf8 */;
CREATE TABLE `t_edu_customer` (
  `id` int(11) NOT NULL AUTO_INCREMENT,
  `name` varchar(50) NOT NULL,
  `phone` varchar(50) NOT NULL,
  `age` int(11) DEFAULT NULL,
  `education_level` int(11) DEFAULT NULL,
  `member_id` int(11) DEFAULT NULL,
  `is_member` int(11) DEFAULT NULL,
  `update_time` datetime DEFAULT NULL,
  `create_time` datetime DEFAULT NULL,
  `enter_education_level` int(11) DEFAULT NULL,
  PRIMARY KEY (`id`),
  UNIQUE KEY `phone` (`phone`)
) ENGINE=InnoDB AUTO_INCREMENT=8 DEFAULT CHARSET=utf8;
/*!40101 SET character_set_client = @saved_cs_client */;

--
-- Dumping data for table `t_edu_customer`
--

LOCK TABLES `t_edu_customer` WRITE;
/*!40000 ALTER TABLE `t_edu_customer` DISABLE KEYS */;
INSERT INTO `t_edu_customer` VALUES (7,'林海测试','13222222222',3,1,44,0,'2018-08-12 10:19:28','2018-08-12 10:19:28',3);
/*!40000 ALTER TABLE `t_edu_customer` ENABLE KEYS */;
UNLOCK TABLES;

--
-- Table structure for table `t_member`
--

DROP TABLE IF EXISTS `t_member`;
/*!40101 SET @saved_cs_client     = @@character_set_client */;
/*!40101 SET character_set_client = utf8 */;
CREATE TABLE `t_member` (
  `id` int(11) NOT NULL AUTO_INCREMENT,
  `name` varchar(50) NOT NULL,
  `phone` varchar(50) NOT NULL,
  `pid` int(11) NOT NULL,
  `level` int(11) NOT NULL,
  `order_count` int(11) NOT NULL,
  `bank_name` varchar(50) DEFAULT NULL,
  `bank_account_name` varchar(50) DEFAULT NULL,
  `bank_account_no` varchar(50) DEFAULT NULL,
  `alipay_no` varchar(50) DEFAULT '',
  `qrcode_url` varchar(200) DEFAULT NULL,
  `customer_id` int(11) DEFAULT NULL,
  `root_member_id` int(11) DEFAULT NULL,
  `root_member_name` varchar(50) DEFAULT NULL,
  `update_time` datetime DEFAULT NULL,
  `create_time` datetime DEFAULT NULL,
  PRIMARY KEY (`id`),
  UNIQUE KEY `phone` (`phone`)
) ENGINE=InnoDB AUTO_INCREMENT=268 DEFAULT CHARSET=utf8;
/*!40101 SET character_set_client = @saved_cs_client */;

--
-- Dumping data for table `t_member`
--

LOCK TABLES `t_member` WRITE;
/*!40000 ALTER TABLE `t_member` DISABLE KEYS */;
INSERT INTO `t_member` VALUES (44,'林海培','13823151990',0,7,28,'','','','13823151990','/zx/img/qrcode/13823151990.jpg',0,44,'林海培','2018-08-11 21:03:34','2018-02-11 19:37:31'),(45,'庄庆华','15017909813',44,4,4,'','','','15017909813','/zx/img/qrcode/15017909813.jpg',0,44,'林海培','2018-03-06 13:53:05','2018-02-11 19:48:18'),(46,'张优韶','13751665865',44,1,0,'','','','13751665865','/zx/img/qrcode/13751665865.jpg',0,44,'林海培','2018-02-12 01:17:16','2018-02-12 01:17:16'),(47,'张汉青','18027198457',44,1,0,'','','','hqjeung@163.com','/zx/img/qrcode/18027198457.jpg',0,44,'林海培','2018-02-12 18:01:35','2018-02-12 18:01:35'),(48,'罗艳','13925246321',44,4,5,'','','','13925246321','/zx/img/qrcode/13925246321.jpg',0,44,'林海培','2018-07-19 11:55:49','2018-02-12 21:44:36'),(49,'林丹虹','13715391359',44,2,1,'','','','13715391359','/zx/img/qrcode/13715391359.jpg',0,44,'林海培','2018-04-08 15:18:11','2018-02-19 09:56:14'),(50,'黄文河','13631311370',44,1,0,'','','','winko09@163.com','/zx/img/qrcode/13631311370.jpg',0,44,'林海培','2018-02-19 23:45:23','2018-02-19 23:45:23'),(51,'刘志杰','13590306219',37,1,0,'','','','13590306219','/zx/img/qrcode/13590306219.jpg',0,NULL,NULL,'2018-02-23 10:42:14','2018-02-23 10:42:14'),(52,'庄广潜','18312463464',45,1,0,'','','','18312463464','/zx/img/qrcode/18312463464.jpg',0,44,'林海培','2018-02-23 21:02:18','2018-02-23 21:02:18'),(53,'罗兴云','15715238203',48,1,0,'','','','13544159128','/zx/img/qrcode/15715238203.jpg',0,44,'林海培','2018-02-26 21:07:32','2018-02-26 21:07:32'),(54,'区善仁','15323458697',44,1,0,'','','','oushanren108@hotmail.com','/zx/img/qrcode/15323458697.jpg',0,44,'林海培','2018-02-27 10:30:06','2018-02-27 10:30:06'),(55,'朱红飞','17704028693',44,1,0,'','','','17704028693','/zx/img/qrcode/17704028693.jpg',0,44,'林海培','2018-03-02 12:53:27','2018-03-02 12:53:27'),(56,'王利涛','18148761965',44,1,0,'','','','18148761965','/zx/img/qrcode/18148761965.jpg',0,44,'林海培','2018-03-03 11:51:12','2018-03-03 11:51:12'),(58,'熊义','13510145681',62,1,0,'','','','13510145681','/zx/img/qrcode/13510145681.jpg',0,44,'林海培','2018-03-05 11:32:49','2018-03-05 11:32:49'),(59,'陈进任','13544088856',44,5,9,'','','','13544088856','/zx/img/qrcode/13544088856.jpg',0,44,'林海培','2018-07-23 13:51:56','2018-03-06 11:00:26'),(60,'陈妙梅','15815531500',44,2,1,'','','','179041123@qq.com','/zx/img/qrcode/15815531500.jpg',0,44,'林海培','2018-03-07 10:29:59','2018-03-07 10:26:22'),(61,'杨双阁','18126492009',44,1,0,'','','','187128633”','/zx/img/qrcode/18126492009.jpg',0,44,'林海培','2018-03-07 13:35:14','2018-03-07 13:35:14'),(62,'王铎惠','13302314878',0,4,7,'招商银行','王铎惠','6214836552347011','13823267778','/zx/img/qrcode/13302314878.jpg',0,62,'王铎惠','2018-08-01 09:06:15','2018-03-09 11:43:44'),(63,'江嘉宇','13632823307',44,1,0,'','','','13632823307','/zx/img/qrcode/13632823307.jpg',0,44,'林海培','2018-03-12 15:45:10','2018-03-12 15:45:10'),(64,'陈文辉','13798564893',44,1,0,'','','','cwh10338893@126.com','/zx/img/qrcode/13798564893.jpg',0,44,'林海培','2018-03-13 14:35:39','2018-03-13 14:35:39'),(65,'伍陶陶','13510175090',44,1,0,'','','','2264665212@qq.com','/zx/img/qrcode/13510175090.jpg',0,44,'林海培','2018-03-16 16:52:23','2018-03-16 16:52:23'),(66,'文金梅','13925225935',44,1,0,'','','','13925225935','/zx/img/qrcode/13925225935.jpg',0,44,'林海培','2018-03-17 17:10:40','2018-03-17 17:10:40'),(67,'李龙梅','13751324525',44,1,0,'','','','1799380781@qq.com','/zx/img/qrcode/13751324525.jpg',0,44,'林海培','2018-03-18 21:20:13','2018-03-18 21:20:13'),(68,'刘嘉莉','13631564144',44,5,8,'','','','13631564144','/zx/img/qrcode/13631564144.jpg',0,44,'林海培','2018-03-20 16:09:19','2018-03-20 15:09:40'),(69,'郑晓彤','18718795930',44,1,0,'','','','18718795930','/zx/img/qrcode/18718795930.jpg',0,44,'林海培','2018-03-22 15:00:39','2018-03-22 15:00:39'),(70,'罗焕群','13809888830',44,1,0,'','','','13809888830','/zx/img/qrcode/13809888830.jpg',0,44,'林海培','2018-03-22 15:24:24','2018-03-22 15:24:24'),(71,'薛礼富','18678000852',68,1,0,'','','','18678000852','/zx/img/qrcode/18678000852.jpg',0,44,'林海培','2018-03-22 16:50:15','2018-03-22 16:50:15'),(72,'今年','11113311111',44,1,0,'','','','11111114666','/zx/img/qrcode/11113311111.jpg',0,44,'林海培','2018-03-22 17:55:41','2018-03-22 17:55:41'),(73,'卢重岐','18928443341',68,1,0,'','','','13537645671','/zx/img/qrcode/18928443341.jpg',0,44,'林海培','2018-03-23 09:59:27','2018-03-23 09:59:27'),(74,'林基刚','15815554158',68,1,0,'','','','15815554158','/zx/img/qrcode/15815554158.jpg',0,44,'林海培','2018-03-23 14:38:09','2018-03-23 14:38:09'),(75,'古翠兰','13530794616',44,3,2,'','','','13530794616','/zx/img/qrcode/13530794616.jpg',0,44,'林海培','2018-04-24 10:42:32','2018-03-23 16:34:38'),(76,'夏存存','13631593552',44,1,0,'','','','13631593552','/zx/img/qrcode/13631593552.jpg',0,44,'林海培','2018-03-24 11:17:17','2018-03-24 11:17:17'),(77,'曾巧','13787750033',0,1,0,'','','','13787750033','/zx/img/qrcode/13787750033.jpg',0,77,'曾巧','2018-03-24 14:31:05','2018-03-24 14:31:05'),(78,'刘燕玲','13302917670',0,1,0,'','','','13302917670','/zx/img/qrcode/13302917670.jpg',0,78,'刘燕玲','2018-03-24 14:31:53','2018-03-24 14:31:53'),(79,'王利颜','18218816881',0,2,1,'','','','18218816881','/zx/img/qrcode/18218816881.jpg',0,79,'王利颜','2018-03-24 15:19:57','2018-03-24 14:32:14'),(80,'小陆','15323469536',0,1,0,'','','','13823267778','/zx/img/qrcode/15323469536.jpg',0,80,'小陆','2018-03-24 14:33:32','2018-03-24 14:33:32'),(81,'王小颜','13302314978',79,4,4,'','','','13302314978','/zx/img/qrcode/13302314978.jpg',0,79,'王利颜','2018-03-24 15:31:41','2018-03-24 15:13:45'),(82,'林牡丹','13544042835',74,1,0,'','','','','/zx/img/qrcode/13544042835.jpg',0,44,'林海培','2018-03-24 21:08:43','2018-03-24 21:08:43'),(83,'曾卡珍','18813920918',74,1,0,'','','','910103','/zx/img/qrcode/18813920918.jpg',0,44,'林海培','2018-03-24 21:09:22','2018-03-24 21:09:22'),(84,'杜其中','13632700939',74,1,0,'','','','13632700939','/zx/img/qrcode/13632700939.jpg',0,44,'林海培','2018-03-24 21:18:10','2018-03-24 21:18:10'),(85,'李娟','13682318218',74,1,0,'','','','13682318218','/zx/img/qrcode/13682318218.jpg',0,44,'林海培','2018-03-24 21:30:01','2018-03-24 21:30:01'),(86,'魏子厚','13826589058',74,1,0,'','','','13826589058','/zx/img/qrcode/13826589058.jpg',0,44,'林海培','2018-03-25 11:27:09','2018-03-25 11:27:09'),(87,'孟亚洁','18128825895',68,1,0,'','','','mengyajie1988@126.com','/zx/img/qrcode/18128825895.jpg',0,44,'林海培','2018-03-25 11:58:20','2018-03-25 11:58:20'),(88,'罗小方','13760433546',68,1,0,'','','','13760433546','/zx/img/qrcode/13760433546.jpg',0,44,'林海培','2018-03-25 13:05:06','2018-03-25 13:05:06'),(89,'罗群香','13554899130',68,1,0,'','','','553186968@qq.com','/zx/img/qrcode/13554899130.jpg',0,44,'林海培','2018-03-25 13:25:47','2018-03-25 13:25:47'),(90,'黄志坚','13699863040',44,1,0,'','','','13699863040','/zx/img/qrcode/13699863040.jpg',0,44,'林海培','2018-03-25 15:23:16','2018-03-25 15:23:16'),(91,'林平丹','13430849313',49,1,0,'','','','13430849313','/zx/img/qrcode/13430849313.jpg',0,44,'林海培','2018-03-25 16:20:45','2018-03-25 16:20:45'),(92,'黄生','18682192154',44,1,0,'','','','18682192154','/zx/img/qrcode/18682192154.jpg',0,44,'林海培','2018-03-25 17:25:05','2018-03-25 17:25:05'),(94,'罗先生','18899358866',44,1,0,'','','','18898358866','/zx/img/qrcode/18899358866.jpg',0,44,'林海培','2018-03-26 10:42:43','2018-03-26 10:42:43'),(95,'隋越','15013806215',44,1,0,'','','','15066314463','/zx/img/qrcode/15013806215.jpg',0,44,'林海培','2018-03-26 11:32:42','2018-03-26 11:32:42'),(96,'程秋英','18707555376',48,1,0,'','','','','/zx/img/qrcode/18707555376.jpg',0,44,'林海培','2018-03-26 12:11:42','2018-03-26 12:11:42'),(97,'曹旭珊','18814221059',62,1,0,'6236683230008687270','曹旭珊','','caoxushan99','/zx/img/qrcode/18814221059.jpg',0,93,'王铎惠','2018-03-26 12:13:43','2018-03-26 12:13:43'),(98,'刘梅芳','13510019774',48,1,0,'','','','13510019774','/zx/img/qrcode/13510019774.jpg',0,44,'林海培','2018-03-26 12:41:27','2018-03-26 12:41:27'),(99,'梅林','13189770372',77,1,0,'','','','13189770372','/zx/img/qrcode/13189770372.jpg',0,77,'曾巧','2018-03-26 14:10:24','2018-03-26 14:10:24'),(100,'张海达','13631690959',77,1,0,'','','','','/zx/img/qrcode/13631690959.jpg',31,77,'曾巧','2018-03-26 14:21:04','2018-03-26 14:21:04'),(101,'陈水进','15013698426',44,4,4,'','','','1036910627@qq.com','/zx/img/qrcode/15013698426.jpg',0,44,'林海培','2018-06-19 17:53:25','2018-03-26 14:29:53'),(102,'梁水凤','13662665384',101,1,0,'','','','lsf812855qq@163.com','/zx/img/qrcode/13662665384.jpg',0,44,'林海培','2018-03-26 14:41:21','2018-03-26 14:41:21'),(103,'黄碧丽','15018403838',101,1,0,'','','','15018403838','/zx/img/qrcode/15018403838.jpg',0,44,'林海培','2018-03-26 15:05:44','2018-03-26 15:05:44'),(104,'杨肖然','18588260467',48,1,0,'','','','18588260467','/zx/img/qrcode/18588260467.jpg',0,44,'林海培','2018-03-26 17:51:41','2018-03-26 17:51:41'),(105,'林丽丽','13823809539',48,1,0,'','','','13923809539','/zx/img/qrcode/13823809539.jpg',0,44,'林海培','2018-03-26 17:52:46','2018-03-26 17:52:46'),(106,'王超','13928466869',74,1,0,'','','','13507041828','/zx/img/qrcode/13928466869.jpg',0,44,'林海培','2018-03-26 19:37:37','2018-03-26 19:37:37'),(107,'王超','13928468869',106,1,0,'','','','13507041828','/zx/img/qrcode/13928468869.jpg',0,44,'林海培','2018-03-26 20:05:47','2018-03-26 20:05:47'),(108,'韩晓春','13510449817',44,2,1,'','','','13510449817','/zx/img/qrcode/13510449817.jpg',0,44,'林海培','2018-07-26 16:54:23','2018-03-26 20:59:14'),(109,'杨翠文','13510859235',105,1,0,'','','','13510859235','/zx/img/qrcode/13510859235.jpg',0,44,'林海培','2018-03-26 22:20:31','2018-03-26 22:20:31'),(110,'付开花','13510268176',44,1,0,'','','','','/zx/img/qrcode/13510268176.jpg',0,44,'林海培','2018-03-26 22:42:20','2018-03-26 22:42:20'),(111,'郭丹','15013507992',48,1,0,'','','','15013507992','/zx/img/qrcode/15013507992.jpg',0,44,'林海培','2018-03-27 00:08:59','2018-03-27 00:08:59'),(112,'孙小雪','13828862892',48,1,0,'','','','13828862892','/zx/img/qrcode/13828862892.jpg',0,44,'林海培','2018-03-27 07:51:22','2018-03-27 07:51:22'),(113,'程秋英','13510083290',44,1,0,'','','','13510083290','/zx/img/qrcode/13510083290.jpg',0,44,'林海培','2018-03-27 07:53:45','2018-03-27 07:53:45'),(114,'王丽琼','13189785487',108,2,1,'','','','wang1786349!','/zx/img/qrcode/13189785487.jpg',0,44,'林海培','2018-07-26 16:54:23','2018-03-27 09:34:50'),(115,'党莹莹','13603025080',68,1,0,'','','','13603025080','/zx/img/qrcode/13603025080.jpg',0,44,'林海培','2018-03-27 10:54:28','2018-03-27 10:54:28'),(116,'彭萍','13823389916',48,1,0,'招商银行','彭萍','6226096551205043','13823389916','/zx/img/qrcode/13823389916.jpg',0,44,'林海培','2018-03-27 12:23:46','2018-03-27 12:23:46'),(117,'梁旭真','13480155633',68,1,0,'','','','13480155633','/zx/img/qrcode/13480155633.jpg',0,44,'林海培','2018-03-27 13:28:23','2018-03-27 13:28:23'),(118,'温清华','13428978628',68,1,0,'','','','13428978628','/zx/img/qrcode/13428978628.jpg',0,44,'林海培','2018-03-27 14:26:23','2018-03-27 14:26:23'),(119,'余卫华','13510173053',62,1,0,'','','','15558102617','/zx/img/qrcode/13510173053.jpg',0,62,'王铎惠','2018-03-27 16:23:40','2018-03-27 16:23:40'),(120,'姜磊','18988793485',62,4,4,'','','','18988793485','/zx/img/qrcode/18988793485.jpg',0,62,'王铎惠','2018-07-23 19:16:00','2018-03-27 16:46:23'),(121,'方志军','13537739050',120,4,4,'','','','13537739050','/zx/img/qrcode/13537739050.jpg',0,62,'王铎惠','2018-07-25 14:24:20','2018-03-27 16:55:02'),(122,'方志军','13510937651',62,1,0,'','','','13537739050','/zx/img/qrcode/13510937651.jpg',0,62,'王铎惠','2018-03-27 20:14:09','2018-03-27 20:14:09'),(123,'王利涛','18126096070',0,1,0,'','','','13823267778','/zx/img/qrcode/18126096070.jpg',0,123,'王利涛','2018-03-27 23:02:16','2018-03-27 23:02:16'),(124,'李琳','18188627921',68,1,0,'','','','18998944921','/zx/img/qrcode/18188627921.jpg',0,44,'林海培','2018-03-28 10:23:15','2018-03-28 10:23:15'),(125,'张秀菊','13828836246',77,1,0,'','','','13828836246','/zx/img/qrcode/13828836246.jpg',0,77,'曾巧','2018-03-28 11:01:02','2018-03-28 11:01:02'),(126,'刘德锋','13760801719',77,1,0,'','','','13760801719','/zx/img/qrcode/13760801719.jpg',0,77,'曾巧','2018-03-28 15:32:07','2018-03-28 15:32:07'),(127,'张克锋','13684999168',44,4,4,'','','','13510125091','/zx/img/qrcode/13684999168.jpg',0,44,'林海培','2018-03-28 17:39:00','2018-03-28 17:26:52'),(128,'白婷','13751149693',44,1,0,'','','','13751149693','/zx/img/qrcode/13751149693.jpg',0,44,'林海培','2018-03-28 22:16:15','2018-03-28 22:16:15'),(129,'黄水彬','15899860796',44,1,0,'','','','15899860796','/zx/img/qrcode/15899860796.jpg',0,44,'林海培','2018-03-28 22:29:00','2018-03-28 22:29:00'),(130,'梁旭彩','13480167769',62,1,0,'','','','1','/zx/img/qrcode/13480167769.jpg',0,62,'王铎惠','2018-03-29 08:50:41','2018-03-29 08:50:41'),(131,'黄东华','18128822181',44,1,0,'','','','hua-email@163.com','/zx/img/qrcode/18128822181.jpg',0,44,'林海培','2018-03-29 09:05:17','2018-03-29 09:05:17'),(132,'程丽萍','13670042881',48,1,0,'','','','13670042881','/zx/img/qrcode/13670042881.jpg',0,44,'林海培','2018-03-29 12:19:12','2018-03-29 12:19:12'),(133,'万行利','18682273859',78,1,0,'','','','18682273859','/zx/img/qrcode/18682273859.jpg',0,78,'刘燕玲','2018-03-29 15:02:25','2018-03-29 15:02:25'),(134,'柯翔','18306662590',123,1,0,'','','','','/zx/img/qrcode/18306662590.jpg',0,123,'王利涛','2018-03-29 15:50:38','2018-03-29 15:50:38'),(135,'陆冬艳','13538285035',78,1,0,'','','','13538285035','/zx/img/qrcode/13538285035.jpg',0,78,'刘燕玲','2018-03-29 18:26:52','2018-03-29 18:26:52'),(136,'齐灵童','18241887263',48,1,0,'','','','18241887263','/zx/img/qrcode/18241887263.jpg',0,44,'林海培','2018-03-29 20:30:24','2018-03-29 20:30:24'),(137,'吴晓兰','15875567225',122,1,0,'','','','15875567225','/zx/img/qrcode/15875567225.jpg',0,62,'王铎惠','2018-03-29 22:29:26','2018-03-29 22:29:26'),(138,'小慧','18589072207',44,1,0,'','','','18589072207','/zx/img/qrcode/18589072207.jpg',0,44,'林海培','2018-03-30 00:27:32','2018-03-30 00:27:32'),(139,'蔡辉立','15819116442',59,1,0,'','','','15819116442','/zx/img/qrcode/15819116442.jpg',0,44,'林海培','2018-03-30 11:24:17','2018-03-30 11:24:17'),(140,'赵岩','18575691101',68,1,0,'中国工商银行','赵岩','6212264000063485193','','/zx/img/qrcode/18575691101.jpg',0,44,'林海培','2018-03-30 14:35:35','2018-03-30 14:35:35'),(141,'李元飞','15914178122',111,1,0,'','','','15914178122','/zx/img/qrcode/15914178122.jpg',0,44,'林海培','2018-03-30 14:52:04','2018-03-30 14:52:04'),(142,'孙会','18135708666',123,1,0,'','','','18135708666','/zx/img/qrcode/18135708666.jpg',0,123,'王利涛','2018-03-30 16:54:11','2018-03-30 16:54:11'),(143,'林婷','13713940704',122,1,0,'','','','13713940704','/zx/img/qrcode/13713940704.jpg',0,62,'王铎惠','2018-03-30 16:55:31','2018-03-30 16:55:31'),(144,'黄艳','13714817291',48,1,0,'','','','13714817291','/zx/img/qrcode/13714817291.jpg',0,44,'林海培','2018-03-31 15:22:56','2018-03-31 15:22:56'),(145,'钟特贤','14923815808',44,1,0,'','','','210962388@qq.com','/zx/img/qrcode/14923815808.jpg',0,44,'林海培','2018-03-31 15:36:21','2018-03-31 15:36:21'),(146,'龙丽银','13428988623',79,1,0,'','','','330153027@qq.com','/zx/img/qrcode/13428988623.jpg',0,79,'王利颜','2018-03-31 15:47:28','2018-03-31 15:47:28'),(147,'张国强','18675513651',44,4,4,'','','','','/zx/img/qrcode/18675513651.jpg',0,44,'林海培','2018-03-31 16:43:29','2018-03-31 16:05:52'),(148,'张长伟','13168708490',147,1,0,'','','','13168708490','/zx/img/qrcode/13168708490.jpg',0,44,'林海培','2018-03-31 17:26:38','2018-03-31 17:26:38'),(149,'郑亚燕','13714308481',147,1,0,'','','','','/zx/img/qrcode/13714308481.jpg',0,44,'林海培','2018-04-01 10:59:45','2018-04-01 10:59:45'),(150,'黄耀星','13828735979',76,1,0,'','','','13828735979@139.com','/zx/img/qrcode/13828735979.jpg',0,44,'林海培','2018-04-01 13:09:34','2018-04-01 13:09:34'),(151,'冯悦红','13798335075',68,1,0,'','','','13798335075','/zx/img/qrcode/13798335075.jpg',0,44,'林海培','2018-04-01 15:53:00','2018-04-01 15:53:00'),(152,'邓帆','15818600551',68,1,0,'','','','15818600551','/zx/img/qrcode/15818600551.jpg',0,44,'林海培','2018-04-01 19:54:49','2018-04-01 19:54:49'),(153,'罗龙','13570807385',122,1,0,'','','','13570807385','/zx/img/qrcode/13570807385.jpg',0,62,'王铎惠','2018-04-02 21:55:08','2018-04-02 21:55:08'),(154,'杨利娟','13316935835',44,1,0,'','','','','/zx/img/qrcode/13316935835.jpg',0,44,'林海培','2018-04-03 14:45:14','2018-04-03 14:45:14'),(155,'蒋先军','13501577655',44,1,0,'','','','13501577655','/zx/img/qrcode/13501577655.jpg',0,44,'林海培','2018-04-03 14:48:34','2018-04-03 14:48:34'),(156,'徐开洪','13554795941',44,4,4,'','','','13554795941','/zx/img/qrcode/13554795941.jpg',0,44,'林海培','2018-04-03 16:56:18','2018-04-03 16:55:52'),(157,'黄敏娟','15814612082',122,1,0,'','','','15814612082','/zx/img/qrcode/15814612082.jpg',0,62,'王铎惠','2018-04-03 18:34:26','2018-04-03 18:34:26'),(158,'张艺雄','15220270132',122,1,0,'','','','15220270132','/zx/img/qrcode/15220270132.jpg',0,62,'王铎惠','2018-04-04 08:10:38','2018-04-04 08:10:38'),(159,'俎晶晶','18688726681',44,1,0,'','','','','/zx/img/qrcode/18688726681.jpg',0,44,'林海培','2018-04-04 10:41:10','2018-04-04 10:41:10'),(160,'梁素霞','15889450765',68,1,0,'','','','15889450765','/zx/img/qrcode/15889450765.jpg',0,44,'林海培','2018-04-04 20:57:01','2018-04-04 20:57:01'),(161,'张幽梦','18682200236',142,1,0,'','','','zhangyoumeng830','/zx/img/qrcode/18682200236.jpg',0,123,'王利涛','2018-04-08 10:16:51','2018-04-08 10:16:51'),(162,'唐懋','13715257643',62,3,2,'','','','13715257643','/zx/img/qrcode/13715257643.jpg',0,62,'王铎惠','2018-05-23 14:35:25','2018-04-08 14:39:38'),(163,'杨玥','13510451226',44,1,0,'','','','','/zx/img/qrcode/13510451226.jpg',0,44,'林海培','2018-04-10 13:40:13','2018-04-10 13:40:13'),(164,'白小寒','13418500387',44,1,0,'','','','13418500387','/zx/img/qrcode/13418500387.jpg',0,44,'林海培','2018-04-10 13:40:31','2018-04-10 13:40:31'),(165,'林楚芬','15999560939',49,1,0,'','','','290752441@qq.com','/zx/img/qrcode/15999560939.jpg',0,44,'林海培','2018-04-10 16:25:08','2018-04-10 16:25:08'),(166,'况生','15813706181',44,1,0,'','','','123@qq.com','/zx/img/qrcode/15813706181.jpg',0,44,'林海培','2018-04-10 17:11:03','2018-04-10 17:11:03'),(168,'测试','13333333333',44,1,0,'','','','123@qq.com','/zx/img/qrcode/13333333333.jpg',0,44,'林海培','2018-04-10 17:18:01','2018-04-10 17:18:01'),(169,'林冰','18820240560',44,1,0,'','','','15112491284','/zx/img/qrcode/18820240560.jpg',0,44,'林海培','2018-04-10 17:18:20','2018-04-10 17:18:20'),(170,'况生','15813706182',44,1,0,'','','','123@qq.com','/zx/img/qrcode/15813706182.jpg',0,44,'林海培','2018-04-10 17:18:45','2018-04-10 17:18:45'),(171,'测试','13333333331',0,1,0,'','','','123@qq.com','/zx/img/qrcode/13333333331.jpg',0,171,'测试','2018-04-10 17:19:38','2018-04-10 17:19:38'),(172,'钟静文','13632553024',48,1,0,'','','','297286240@qq.com','/zx/img/qrcode/13632553024.jpg',0,44,'林海培','2018-04-11 12:36:00','2018-04-11 12:36:00'),(173,'童培英','13538259887',48,1,0,'','','','13538259887','/zx/img/qrcode/13538259887.jpg',0,44,'林海培','2018-04-14 11:39:37','2018-04-14 11:39:37'),(174,'邸思木雅','17888811997',61,1,0,'','','','17888811997','/zx/img/qrcode/17888811997.jpg',0,44,'林海培','2018-04-17 21:04:25','2018-04-17 21:04:25'),(175,'陈妙如','13430740195',122,1,0,'','','','13430740195','/zx/img/qrcode/13430740195.jpg',0,62,'王铎惠','2018-04-17 22:11:50','2018-04-17 22:11:50'),(176,'谭惠武','18307557839',68,1,0,'','','','Twu2006@126.com','/zx/img/qrcode/18307557839.jpg',0,44,'林海培','2018-04-21 17:12:09','2018-04-21 17:12:09'),(177,'黄素丽','13418679074',68,1,0,'工商银行','黄素丽','6222024000068609003','13418679074','/zx/img/qrcode/13418679074.jpg',0,44,'林海培','2018-04-28 09:46:55','2018-04-28 09:46:55'),(178,'梁思乐','13542093829',44,1,0,'','','','1740697026@qq.com','/zx/img/qrcode/13542093829.jpg',0,44,'林海培','2018-04-29 09:42:55','2018-04-29 09:42:55'),(179,'罗伟','13725049503',123,1,0,'','','','13725049503','/zx/img/qrcode/13725049503.jpg',0,123,'王利涛','2018-05-09 11:57:18','2018-05-09 11:57:18'),(180,'王卫丹','15012666968',44,1,0,'','','','peony_fly@yahoo.com','/zx/img/qrcode/15012666968.jpg',0,44,'林海培','2018-05-10 11:22:33','2018-05-10 11:22:33'),(181,'刘瑞峰','18655059100',44,1,0,'','','','18655059100','/zx/img/qrcode/18655059100.jpg',0,44,'林海培','2018-05-15 12:36:30','2018-05-15 12:36:30'),(182,'刘曼君','13652401441',101,1,0,'','','','savemoney2015@sina.com','/zx/img/qrcode/13652401441.jpg',0,44,'林海培','2018-05-19 10:54:16','2018-05-19 10:54:16'),(183,'林治璇','13530797603',44,3,2,'','','','13530797603','/zx/img/qrcode/13530797603.jpg',0,44,'林海培','2018-06-22 16:35:21','2018-05-23 12:09:02'),(184,'王秋涛','15817220346',44,1,0,'','','','13410279561','/zx/img/qrcode/15817220346.jpg',0,44,'林海培','2018-05-26 00:46:05','2018-05-26 00:46:05'),(185,'你佬板','15018723389',44,1,0,'','','','15018723389','/zx/img/qrcode/15018723389.jpg',0,44,'林海培','2018-05-26 20:27:03','2018-05-26 20:27:03'),(186,'杨静然','17666000879',62,1,0,'','','','15834501818','/zx/img/qrcode/17666000879.jpg',0,62,'王铎惠','2018-05-27 14:44:26','2018-05-27 14:44:26'),(187,'王大包','15766257785',44,1,0,'','','','136984','/zx/img/qrcode/15766257785.jpg',0,44,'林海培','2018-05-27 16:15:32','2018-05-27 16:15:32'),(188,'mmmm','18922784171',187,1,0,'','','','ming0000','/zx/img/qrcode/18922784171.jpg',0,44,'林海培','2018-05-27 19:14:58','2018-05-27 19:14:58'),(189,'aaaa','13333333338',188,1,0,'','','','13333333338','/zx/img/qrcode/13333333338.jpg',0,44,'林海培','2018-05-27 20:23:34','2018-05-27 20:23:34'),(190,'曹操','15012345671',44,1,0,'','','','150123456781','/zx/img/qrcode/15012345671.jpg',0,44,'林海培','2018-05-28 09:28:58','2018-05-28 09:28:58'),(191,'刘备','15018729831',190,1,0,'','','','','/zx/img/qrcode/15018729831.jpg',0,44,'林海培','2018-05-28 09:39:07','2018-05-28 09:39:07'),(192,'33','15018729832',191,1,0,'','','','15018729831','/zx/img/qrcode/15018729832.jpg',77,44,'林海培','2018-05-28 09:48:57','2018-05-28 09:48:57'),(193,'黄俊飞','13798340660',44,2,1,'','','','13798340660','/zx/img/qrcode/13798340660.jpg',0,44,'林海培','2018-05-29 15:09:16','2018-05-28 11:25:03'),(194,'刘银柱','13926551959',74,1,0,'','','','13926551959','/zx/img/qrcode/13926551959.jpg',0,44,'林海培','2018-05-29 21:26:02','2018-05-29 21:26:02'),(195,'段远峰','18666227707',62,1,0,'','','','duanyuanfengpds@163.com','/zx/img/qrcode/18666227707.jpg',0,62,'王铎惠','2018-06-01 20:36:55','2018-06-01 20:36:55'),(196,'方韩华','13590328973',48,1,0,'','','','','/zx/img/qrcode/13590328973.jpg',0,44,'林海培','2018-06-05 09:14:58','2018-06-05 09:14:58'),(197,'李金跃','13923813924',48,1,0,'','','','','/zx/img/qrcode/13923813924.jpg',86,44,'林海培','2018-06-07 13:58:07','2018-06-07 13:58:07'),(198,'徐浩量','13902659323',122,1,0,'','','','xx53687912@163.com','/zx/img/qrcode/13902659323.jpg',0,62,'王铎惠','2018-06-10 13:04:03','2018-06-10 13:04:03'),(199,'冯强中','13723705190',44,1,0,'','','','13723705190','/zx/img/qrcode/13723705190.jpg',0,44,'林海培','2018-06-14 18:57:21','2018-06-14 18:57:21'),(200,'陈钊坤','13923806770',44,3,2,'','','','13923806770','/zx/img/qrcode/13923806770.jpg',0,44,'林海培','2018-07-11 09:38:59','2018-06-20 00:37:59'),(201,'苏春梅','13923718214',200,2,1,'','','','13923718214','/zx/img/qrcode/13923718214.jpg',0,44,'林海培','2018-07-11 09:38:59','2018-06-21 17:50:13'),(202,'陆蕙','15112336890',44,1,0,'','','','15112336890','/zx/img/qrcode/15112336890.jpg',0,44,'林海培','2018-06-26 12:24:09','2018-06-26 12:24:09'),(203,'刘玉龙','17665208122',78,1,0,'','','','xwcangq12@126.com','/zx/img/qrcode/17665208122.jpg',0,78,'刘燕玲','2018-06-26 14:47:01','2018-06-26 14:47:01'),(204,'徐文','13924662503',44,1,0,'','','','13924662503','/zx/img/qrcode/13924662503.jpg',0,44,'林海培','2018-06-28 12:19:49','2018-06-28 12:19:49'),(205,'詹桂丽','13714343707',44,1,0,'','','','137143434707','/zx/img/qrcode/13714343707.jpg',0,44,'林海培','2018-07-07 13:54:05','2018-07-07 13:54:05'),(206,'555','13333335555',44,1,0,'','','','13566666666','/zx/img/qrcode/13333335555.jpg',0,44,'林海培','2018-07-08 21:20:44','2018-07-08 21:20:44'),(207,'林锦荣','13922887402',44,2,1,'','','','13922887402','/zx/img/qrcode/13922887402.jpg',0,44,'林海培','2018-07-09 17:00:29','2018-07-09 16:53:24'),(208,'汪燕','15815596725',44,1,0,'','','','15815596725','/zx/img/qrcode/15815596725.jpg',0,44,'林海培','2018-07-13 12:15:37','2018-07-13 12:15:37'),(209,'潘欢','15016231267',122,1,0,'','','','15016231267','/zx/img/qrcode/15016231267.jpg',0,62,'王铎惠','2018-07-15 11:19:43','2018-07-15 11:19:43'),(210,'李传龙','18520867661',44,1,0,'','','','18520867661','/zx/img/qrcode/18520867661.jpg',103,44,'林海培','2018-07-15 13:29:02','2018-07-15 13:29:02'),(211,'彭星','13766305365',44,1,0,'','','','13766305362','/zx/img/qrcode/13766305365.jpg',0,44,'林海培','2018-07-18 09:52:49','2018-07-18 09:52:49'),(212,'看看','13333334441',44,1,0,'','','','1111116666','/zx/img/qrcode/13333334441.jpg',0,44,'林海培','2018-07-18 14:58:46','2018-07-18 14:58:46'),(213,'张三','15811456111',212,1,0,'','','','15844212141','/zx/img/qrcode/15811456111.jpg',0,44,'林海培','2018-07-18 22:59:23','2018-07-18 22:59:23'),(214,'常铮','18525582580',44,1,0,'','','','810046744@qq.com','/zx/img/qrcode/18525582580.jpg',0,44,'林海培','2018-07-19 10:29:43','2018-07-19 10:29:43'),(215,'龚鑫','13631787532',44,1,0,'','','','13631787532','/zx/img/qrcode/13631787532.jpg',0,44,'林海培','2018-07-20 23:37:56','2018-07-20 23:37:56'),(216,'&nbsp;孙嘉潞','15143206661',44,1,0,'','','','15143206661','/zx/img/qrcode/15143206661.jpg',0,44,'林海培','2018-07-21 15:13:54','2018-07-21 15:13:54'),(217,'陈彩莲','13798573025',44,1,0,'','','','13798573025','/zx/img/qrcode/13798573025.jpg',0,44,'林海培','2018-07-21 15:32:18','2018-07-21 15:32:18'),(218,'苗萍','13641464009',59,1,0,'','','','13641464009','/zx/img/qrcode/13641464009.jpg',0,44,'林海培','2018-07-23 13:50:44','2018-07-23 13:50:44'),(219,'龚鑫test','13631787533',215,1,0,'','','','13631787532','/zx/img/qrcode/13631787533.jpg',0,44,'林海培','2018-07-23 17:01:48','2018-07-23 17:01:48'),(220,'李晓','18576616369',44,1,0,'','','','18576616369','/zx/img/qrcode/18576616369.jpg',0,44,'林海培','2018-07-23 20:18:41','2018-07-23 20:18:41'),(221,'欧洪春','15919859774',44,1,0,'','','','','/zx/img/qrcode/15919859774.jpg',0,44,'林海培','2018-07-23 20:37:14','2018-07-23 20:37:14'),(222,'梁杰','15814449876',44,1,0,'','','','18820296818','/zx/img/qrcode/15814449876.jpg',111,44,'林海培','2018-07-24 13:19:49','2018-07-24 13:19:49'),(223,'James','18820296818',222,1,0,'','','','18820296818','/zx/img/qrcode/18820296818.jpg',0,44,'林海培','2018-07-24 13:21:39','2018-07-24 13:21:39'),(224,'互推','18503007861',63,1,0,'','','','18503007861','/zx/img/qrcode/18503007861.jpg',112,44,'林海培','2018-07-24 15:30:22','2018-07-24 15:30:22'),(225,'方芳','13717018669',44,2,1,'','','','13717018669','/zx/img/qrcode/13717018669.jpg',0,44,'林海培','2018-07-25 12:17:12','2018-07-24 19:56:02'),(226,'张媛','13620914500',62,1,0,'','','','13620914500','/zx/img/qrcode/13620914500.jpg',0,62,'王铎惠','2018-07-25 12:08:50','2018-07-25 12:08:50'),(227,'封捷','13242033155',62,1,0,'','','','258406984@qq.com','/zx/img/qrcode/13242033155.jpg',0,62,'王铎惠','2018-07-25 12:11:18','2018-07-25 12:11:18'),(228,'朱樑','13823311614',62,1,0,'','','','13823311614','/zx/img/qrcode/13823311614.jpg',0,62,'王铎惠','2018-07-25 15:26:13','2018-07-25 15:26:13'),(229,'谢龙','18025364818',44,1,0,'','','','18025364818','/zx/img/qrcode/18025364818.jpg',0,44,'林海培','2018-07-25 17:08:23','2018-07-25 17:08:23'),(230,'郑蔚青','13028852230',62,1,0,'','','','13028852230','/zx/img/qrcode/13028852230.jpg',0,62,'王铎惠','2018-07-25 17:25:33','2018-07-25 17:25:33'),(231,'马继红','13530939458',62,1,0,'','马继红','','13530939458','/zx/img/qrcode/13530939458.jpg',0,62,'王铎惠','2018-07-25 17:42:03','2018-07-25 17:42:03'),(232,'李丹丹','15811823680',62,1,0,'','','','15811823680','/zx/img/qrcode/15811823680.jpg',0,62,'王铎惠','2018-07-25 18:46:07','2018-07-25 18:46:07'),(233,'张驰','15179215555',156,1,0,'','','','yikongge@163.com','/zx/img/qrcode/15179215555.jpg',0,44,'林海培','2018-07-25 19:07:30','2018-07-25 19:07:30'),(234,'付敏','18823311340',156,1,0,'','','','935122778@qq.com','/zx/img/qrcode/18823311340.jpg',0,44,'林海培','2018-07-25 19:08:38','2018-07-25 19:08:38'),(235,'肖飞','13480604100',156,1,0,'','','','13480604100','/zx/img/qrcode/13480604100.jpg',0,44,'林海培','2018-07-25 19:12:31','2018-07-25 19:12:31'),(236,'于志鹏','13138172199',156,1,0,'','','','13138172199','/zx/img/qrcode/13138172199.jpg',0,44,'林海培','2018-07-25 19:16:06','2018-07-25 19:16:06'),(237,'李文强','18298459096',227,1,0,'','','','18298459096','/zx/img/qrcode/18298459096.jpg',0,62,'王铎惠','2018-07-25 22:53:56','2018-07-25 22:53:56'),(238,'高凌飞','14704431483',62,1,0,'','','','13556812350','/zx/img/qrcode/14704431483.jpg',0,62,'王铎惠','2018-07-25 23:08:18','2018-07-25 23:08:18'),(239,'孙小明','18620689027',114,1,0,'','','','18620689027','/zx/img/qrcode/18620689027.jpg',120,44,'林海培','2018-07-26 15:16:48','2018-07-26 15:16:48'),(240,'柴庆','13798718003',44,1,0,'','','','13798718003','/zx/img/qrcode/13798718003.jpg',0,44,'林海培','2018-07-26 15:48:55','2018-07-26 15:48:55'),(241,'龚大大','18523325456',220,1,0,'','','','13631787412','/zx/img/qrcode/18523325456.jpg',0,44,'林海培','2018-07-26 18:36:41','2018-07-26 18:36:41'),(242,'王赵华','18166160750',62,1,0,'','','','18166160750','/zx/img/qrcode/18166160750.jpg',0,62,'王铎惠','2018-07-26 19:51:32','2018-07-26 19:51:32'),(243,'赵珍','18810350013',44,2,1,'','','','18810907221','/zx/img/qrcode/18810350013.jpg',0,44,'林海培','2018-08-10 09:56:39','2018-07-27 14:14:14'),(244,'吴勇胜','18718699278',44,1,0,'','','','18718699278','/zx/img/qrcode/18718699278.jpg',0,44,'林海培','2018-07-27 18:08:54','2018-07-27 18:08:54'),(245,'杨金丽','15820491869',44,1,0,'','','','15820491869','/zx/img/qrcode/15820491869.jpg',0,44,'林海培','2018-07-28 09:57:49','2018-07-28 09:57:49'),(246,'罗彩华','13554701605',62,1,0,'','','','lucyluo2@163.com','/zx/img/qrcode/13554701605.jpg',0,62,'王铎惠','2018-07-30 16:23:27','2018-07-30 16:23:27'),(247,'杨娟娟','15013518028',62,2,1,'深圳分行星河世纪支行','杨娟娟','6214836559350893','15013518028','/zx/img/qrcode/15013518028.jpg',0,62,'王铎惠','2018-08-08 17:04:57','2018-07-31 14:19:39'),(248,'卢清华','13554945854',44,1,0,'','','','13554945854','/zx/img/qrcode/13554945854.jpg',0,44,'林海培','2018-07-31 19:40:58','2018-07-31 19:40:58'),(249,'黄','13410213073',44,1,0,'','','','13425486395','/zx/img/qrcode/13410213073.jpg',0,44,'林海培','2018-08-01 10:51:32','2018-08-01 10:51:32'),(250,'1215','13546485246',249,1,0,'','','','','/zx/img/qrcode/13546485246.jpg',124,44,'林海培','2018-08-01 10:53:15','2018-08-01 10:53:15'),(251,'张瑞','13418842932',62,1,0,'','','','','/zx/img/qrcode/13418842932.jpg',0,62,'王铎惠','2018-08-01 17:09:51','2018-08-01 17:09:51'),(252,'张晓飞','13716962779',62,1,0,'','','','13716962779','/zx/img/qrcode/13716962779.jpg',0,62,'王铎惠','2018-08-01 17:17:08','2018-08-01 17:17:08'),(253,'蔡满新','13534016683',251,1,0,'','','','','/zx/img/qrcode/13534016683.jpg',125,62,'王铎惠','2018-08-01 19:16:09','2018-08-01 19:16:09'),(254,'曹清','17807655579',44,1,0,'','','','13409691242','/zx/img/qrcode/17807655579.jpg',0,44,'林海培','2018-08-03 11:51:27','2018-08-03 11:51:27'),(255,'林莉华','13826685206',44,1,0,'','','','13826685206','/zx/img/qrcode/13826685206.jpg',0,44,'林海培','2018-08-05 19:22:01','2018-08-05 19:22:01'),(256,'曾柳婷','18680348161',255,1,0,'','','','18680348161','/zx/img/qrcode/18680348161.jpg',0,44,'林海培','2018-08-05 22:16:01','2018-08-05 22:16:01'),(257,'雷姐','13809866552',44,1,0,'','','','13809866552','/zx/img/qrcode/13809866552.jpg',0,44,'林海培','2018-08-06 18:07:58','2018-08-06 18:07:58'),(258,'5555','13266666996',44,1,0,'','','','13256653113','/zx/img/qrcode/13266666996.jpg',129,44,'林海培','2018-08-07 16:49:44','2018-08-07 16:49:44'),(259,'13013332333','13013332333',44,1,0,'','','','13013332333','/zx/img/qrcode/13013332333.jpg',0,44,'林海培','2018-08-09 09:06:35','2018-08-09 09:06:35'),(260,'郭倩君','18589040881',243,1,0,'','','','qianjun.guo@yahoo.com.cn','/zx/img/qrcode/18589040881.jpg',130,44,'林海培','2018-08-09 10:47:49','2018-08-09 10:47:49'),(261,'杨婷','13590178412',44,1,0,'','','','','/zx/img/qrcode/13590178412.jpg',135,44,'林海培','2018-08-10 18:07:05','2018-08-10 18:07:05'),(262,'测试','13631787534',44,1,0,'','','','13631787534','/zx/img/qrcode/13631787534.jpg',136,44,'林海培','2018-08-11 18:56:05','2018-08-11 18:56:05'),(263,'测试2','14799996666',44,1,0,'','','','14766663333','/zx/img/qrcode/14799996666.jpg',0,44,'林海培','2018-08-11 19:19:55','2018-08-11 19:19:55'),(264,'测试22','14785236952',44,1,0,'','','','13631787532','/zx/img/qrcode/14785236952.jpg',0,44,'林海培','2018-08-11 19:21:28','2018-08-11 19:21:28'),(265,'测试啊','14785233655',44,1,0,'','','','12344445555','/zx/img/qrcode/14785233655.jpg',0,44,'林海培','2018-08-11 20:26:22','2018-08-11 20:26:22'),(266,'彭益鸿','18007370146',44,1,0,'','','','18007370146','/zx/img/qrcode/18007370146.jpg',0,44,'林海培','2018-08-11 23:25:34','2018-08-11 23:25:34'),(267,'杨瑞胜','13590598871',44,1,0,'','','','13590598871','/zx/img/qrcode/13590598871.jpg',0,44,'林海培','2018-08-13 11:09:13','2018-08-13 11:09:13');
/*!40000 ALTER TABLE `t_member` ENABLE KEYS */;
UNLOCK TABLES;

--
-- Table structure for table `t_order`
--

DROP TABLE IF EXISTS `t_order`;
/*!40101 SET @saved_cs_client     = @@character_set_client */;
/*!40101 SET character_set_client = utf8 */;
CREATE TABLE `t_order` (
  `id` int(11) NOT NULL AUTO_INCREMENT,
  `apply_id` int(11) DEFAULT NULL,
  `customer_id` int(11) DEFAULT NULL,
  `customer_name` varchar(50) DEFAULT NULL,
  `phone` varchar(50) NOT NULL,
  `member_id` int(11) DEFAULT NULL,
  `member_name` varchar(50) DEFAULT NULL,
  `amount` int(11) DEFAULT NULL,
  `commission_amount` int(11) DEFAULT NULL,
  `user_id` int(11) DEFAULT NULL,
  `user_name` varchar(50) DEFAULT NULL,
  `update_time` datetime DEFAULT NULL,
  `create_time` datetime DEFAULT NULL,
  PRIMARY KEY (`id`)
) ENGINE=InnoDB AUTO_INCREMENT=42 DEFAULT CHARSET=utf8;
/*!40101 SET character_set_client = @saved_cs_client */;

--
-- Dumping data for table `t_order`
--

LOCK TABLES `t_order` WRITE;
/*!40000 ALTER TABLE `t_order` DISABLE KEYS */;
INSERT INTO `t_order` VALUES (6,17,21,'陈妙梅','15815531500',60,'陈妙梅',2000,220,NULL,NULL,'2018-03-11 22:06:18','2018-03-07 10:29:59'),(7,22,26,'杨丽丽','15018541089',48,'罗艳',2000,400,NULL,NULL,'2018-03-24 11:52:14','2018-03-24 11:51:34'),(8,15,19,'徐媛媛','13578637841',48,'罗艳',3000,600,NULL,NULL,'2018-03-24 14:03:16','2018-03-24 14:03:16'),(9,19,23,'杨小姐','18123956968',44,'林海培',3000,600,NULL,NULL,'2018-03-24 14:03:18','2018-03-24 14:03:18'),(10,24,28,'王小颜','13302314978',79,'王利颜',500,200,NULL,NULL,'2018-03-24 15:22:33','2018-03-24 15:19:57'),(11,26,30,'罗艳','13925246321',48,'罗艳',2800,800,NULL,NULL,'2018-03-27 17:06:35','2018-03-27 17:05:59'),(12,38,42,'张凯奇','18097990707',75,'古翠兰',3000,800,NULL,NULL,'2018-03-29 13:41:22','2018-03-29 13:41:22'),(13,49,53,'余芳','13715253939',49,'林丹虹',2800,800,NULL,NULL,'2018-04-08 15:18:33','2018-04-08 15:18:11'),(14,59,64,'彭益鸿','18283708858',75,'古翠兰',2800,800,NULL,NULL,'2018-04-24 10:42:43','2018-04-24 10:42:32'),(15,57,62,'杨蕾','13714664830',48,'罗艳',2800,1000,NULL,NULL,'2018-04-24 11:10:53','2018-04-24 11:10:47'),(16,66,71,'刘曼璐','13652401441',101,'陈水进',2800,1000,NULL,NULL,'2018-05-19 13:38:18','2018-05-19 13:37:09'),(17,67,72,'唐艳梅','15527487316',101,'陈水进',2800,1000,NULL,NULL,'2018-05-23 12:19:05','2018-05-23 12:18:54'),(18,68,73,'欧阳静文','13823123182',162,'唐懋',3000,200,NULL,NULL,'2018-05-23 14:25:33','2018-05-23 14:25:33'),(19,69,74,'杨柳','13714372850',162,'唐懋',2800,400,NULL,NULL,'2018-05-23 14:35:33','2018-05-23 14:35:25'),(20,74,79,'罗洋','15118121416',193,'黄俊飞',2800,1000,NULL,NULL,'2018-05-29 15:09:34','2018-05-29 15:09:16'),(21,83,88,'刘志杰','13590306219',44,'林海培',2800,1000,NULL,NULL,'2018-06-14 13:56:22','2018-06-14 13:56:22'),(22,84,89,'肖晓强','18565823565',101,'陈水进',2500,1000,NULL,NULL,'2018-06-19 17:53:52','2018-06-19 17:53:25'),(23,85,90,'杜文亮','18666660443',183,'林治璇',3000,1000,NULL,NULL,'2018-06-22 16:29:44','2018-06-22 16:29:44'),(24,86,91,'占文娟','13510021722',183,'林治璇',2800,1200,NULL,NULL,'2018-06-22 16:35:37','2018-06-22 16:35:20'),(25,88,93,'欧洪春','15919859774',200,'陈钊坤',2800,1200,NULL,NULL,'2018-06-26 13:43:09','2018-06-26 13:42:58'),(26,90,95,'姚辉兰','13823699756',59,'陈进任',2700,1200,NULL,NULL,'2018-07-02 11:40:54','2018-07-02 11:40:44'),(27,91,96,'颜桂林婷','18859731600',207,'林锦荣',3000,1200,NULL,NULL,'2018-07-09 17:00:33','2018-07-09 17:00:29'),(28,93,98,'蓝国凤','13631074444',201,'苏春梅',3000,1200,NULL,NULL,'2018-07-11 09:38:59','2018-07-11 09:38:59'),(29,94,99,'测试','13856234521',44,'林海培',3000,1300,NULL,NULL,'2018-07-11 16:42:09','2018-07-11 16:42:09'),(30,98,103,'李传龙','18520867661',44,'林海培',2800,1300,NULL,NULL,'2018-07-19 11:55:35','2018-07-19 11:55:35'),(31,95,100,'李传龙','18520867761',48,'罗艳',2600,1300,NULL,NULL,'2018-07-19 11:56:21','2018-07-19 11:55:49'),(32,100,105,'苗萍','13641464009',59,'陈进任',2800,1300,NULL,NULL,'2018-07-23 13:52:16','2018-07-23 13:51:56'),(33,104,109,'卢烈峰','15818686356',121,'方志军',3000,1200,NULL,NULL,'2018-07-23 19:15:55','2018-07-23 19:15:55'),(34,103,108,'林佳巡','13530896316',121,'方志军',3000,1000,NULL,NULL,'2018-07-23 19:15:56','2018-07-23 19:15:56'),(35,102,107,'曾晓嘉','13424161837',121,'方志军',3000,1000,NULL,NULL,'2018-07-23 19:15:58','2018-07-23 19:15:58'),(36,101,106,'曾晓芬','13160508400',121,'方志军',3000,1000,NULL,NULL,'2018-07-23 19:16:00','2018-07-23 19:16:00'),(37,109,114,'方芳','13717018669',225,'方芳',2800,1300,NULL,NULL,'2018-07-25 12:17:12','2018-07-25 12:17:12'),(38,115,120,'孙小明','18620689027',114,'王丽琼',2800,1300,NULL,NULL,'2018-07-26 16:54:23','2018-07-26 16:54:23'),(39,118,123,'杨娟娟','15013518028',247,'杨娟娟',2800,800,NULL,NULL,'2018-08-01 09:06:15','2018-08-01 09:06:15'),(40,125,130,'郭倩君','18589040881',243,'赵珍',2800,1300,NULL,NULL,'2018-08-10 10:01:44','2018-08-10 09:56:39'),(41,130,136,'测试','13631787533',44,'林海培',2480,1300,NULL,NULL,'2018-08-11 21:03:34','2018-08-11 21:03:34');
/*!40000 ALTER TABLE `t_order` ENABLE KEYS */;
UNLOCK TABLES;

--
-- Table structure for table `t_user`
--

DROP TABLE IF EXISTS `t_user`;
/*!40101 SET @saved_cs_client     = @@character_set_client */;
/*!40101 SET character_set_client = utf8 */;
CREATE TABLE `t_user` (
  `id` int(11) NOT NULL AUTO_INCREMENT,
  `username` varchar(50) NOT NULL,
  `password` varchar(50) NOT NULL,
  `name` varchar(50) NOT NULL,
  `phone` varchar(50) NOT NULL,
  `is_admin` int(11) NOT NULL,
  `update_time` datetime DEFAULT NULL,
  `create_time` datetime DEFAULT NULL,
  PRIMARY KEY (`id`),
  UNIQUE KEY `phone` (`phone`)
) ENGINE=InnoDB AUTO_INCREMENT=10 DEFAULT CHARSET=utf8;
/*!40101 SET character_set_client = @saved_cs_client */;

--
-- Dumping data for table `t_user`
--

LOCK TABLES `t_user` WRITE;
/*!40000 ALTER TABLE `t_user` DISABLE KEYS */;
INSERT INTO `t_user` VALUES (1,'admin','6da874662a822b1ead822252ddd68d81','管理员','13823151990',1,'2017-12-27 11:10:47','2017-12-27 11:10:47'),(6,'wangliyan','c401f5c2b1e888280e7ac425a8192685','王利颜','13302314978',0,'2018-03-24 16:02:02','2018-03-24 16:02:02'),(7,'zengqiao','3da783a6720040ef19365483c3681db7','曾巧','18123766500',0,'2018-03-24 16:03:34','2018-03-24 16:03:34'),(8,'liuyanling','dcf3646f11703217e9d597a51e75447a','刘燕玲','13302917670',0,'2018-03-24 16:04:57','2018-03-24 16:04:57'),(9,'wanglitao','bf79ae3c4abbf0642b1528609dd0a1d8','王利涛','18126096070',0,'2018-03-27 17:41:23','2018-03-27 17:41:23');
/*!40000 ALTER TABLE `t_user` ENABLE KEYS */;
UNLOCK TABLES;
/*!40103 SET TIME_ZONE=@OLD_TIME_ZONE */;

/*!40101 SET SQL_MODE=@OLD_SQL_MODE */;
/*!40014 SET FOREIGN_KEY_CHECKS=@OLD_FOREIGN_KEY_CHECKS */;
/*!40014 SET UNIQUE_CHECKS=@OLD_UNIQUE_CHECKS */;
/*!40101 SET CHARACTER_SET_CLIENT=@OLD_CHARACTER_SET_CLIENT */;
/*!40101 SET CHARACTER_SET_RESULTS=@OLD_CHARACTER_SET_RESULTS */;
/*!40101 SET COLLATION_CONNECTION=@OLD_COLLATION_CONNECTION */;
/*!40111 SET SQL_NOTES=@OLD_SQL_NOTES */;

-- Dump completed on 2018-08-13 15:01:40
